"slug","ats"
"careers-camris","icims"
"careers-lowesfoods","icims"
"careers-northerncolorado-ymca","icims"
"careers-rusnak","icims"
"careers-sound","icims"
"careers-uwcu","icims"
"clinicalexternal-athletico","icims"
"blades-goauto","icims"
"careers-brucestire","icims"
"careers-htcinc","icims"
"careers-nordia","icims"
"careers-riverspringliving","icims"
"idgcareers-idg","icims"
"noresume-goldenstatefoods","icims"
"volunteer-continuumhospice","icims"
"careers-hooveralabama","icims"
"careers-samedayelectric","icims"
"careers-bernhard","icims"
"careers-frontierhospice","icims"
"atcareers-jaggaer","icims"
"expleo-jobs-us-en","icims"
"apkeenancareers-assuredpartners","icims"
"aswocareers-wilson","icims"
"canadacareers-shriners","icims"
"careers-sysmex","icims"
"careers-uwaterloo","icims"
"careers-willowvalleycommunities","icims"
"careers-wrhrealty","icims"
"healthcare-diversicare","icims"
"jobs-amalgamatedlife","icims"
"beachcities-learnbehavioral","icims"
"brasil-bridgestone","icims"
"careers-mayvl","icims"
"europeancareers-repligen","icims"
"external-northamerica-expleo","icims"
"jnp-careers-lslps","icims"
"physician-cmh","icims"
"frcareers-leons","icims"
"careers-transglobal","icims"
"iapplyproviders-phs","icims"
"sp-lifescan","icims"
"careerseng-senture","icims"
"frcanadacareers-acuren","icims"
"volunteer-lighthousehospice","icims"
"cantonoakstexas-careers-fundltc","icims"
"careerportalp-vistacommunityclinic","icims"
"careers-benaroyaresearch","icims"
"careers-imsa","icims"
"careers-kmco","icims"
"careers-reachire","icims"
"careersindia-hexagon","icims"
"communitycare-centralhealth","icims"
"careers-cfghealthnetwork","icims"
"careers-dnata","icims"
"careers-emscrm","icims"
"careers4-frost","icims"
"hellosynergy-ukcareers","icims"
"careers-e2","icims"
"careers-hardrock","icims"
"careers-kinnerton","icims"
"careers-marketsource","icims"
"careers-mrplumberindy","icims"
"careers-ropesgray","icims"
"careers-shepleywoodproducts","icims"
"kidsunlimitedtherapyservices-tptp","icims"
"careers-metro","icims"
"it-lifescan","icims"
"adminjobs-sutterhealth","icims"
"careers-spcco","icims"
"canada-crawco","icims"
"careers-aimbridge","icims"
"careers-atl","icims"
"careers-core42","icims"
"careers-einstein","icims"
"careers-osuphysicians","icims"
"clinical-usap","icims"
"jobs-galaxe","icims"
"jobsamericas-gep","icims"
"canadiancareers-paperworksindustries","icims"
"career-amys","icims"
"careers-cfasupply","icims"
"careers-slhs","icims"
"careers-zertusuk","icims"
"france-careers-aitworldwide","icims"
"gsk-us-earlytalent","icims"
"nationaltankservicese-trimac","icims"
"wellframe-healthedge","icims"
"careers-pueblo-ymca","icims"
"careers-southend-borough-council","icims"
"careers5-frost","icims"
"cds-canada-careersenglish","icims"
"careers-cpa","icims"
"careers-meritize","icims"
"careers-riverrundetalspa-lightwavedental","icims"
"hmsscareers-mastec","icims"
"ondemandcareers-arraybc","icims"
"stgeorgehealthcarecenter-careers-fundltc","icims"
"careers-enfra","icims"
"careers-natchezheatingandcooling","icims"
"careers-tfghospitality","icims"
"carrieres-nl-marvestingbe","icims"
"globalcareers-ivans-appliedsystems","icims"
"aristacare-kphhealthcareservices","icims"
"careers-benefitcosmeticsuk","icims"
"careers-cheservices","icims"
"careers-nadentalgroup","icims"
"careers-rws","icims"
"careers-stuartmechanical","icims"
"careers-visioninnovation-partners","icims"
"careers2-nadentalgroup","icims"
"corpadmin-chire","icims"
"hamcareers-mastec","icims"
"international-spscommerce","icims"
"internationalcareers-oneadvanced","icims"
"jobs1-spectrumhealthcare","icims"
"nanaworley-nana","icims"
"parkdentalcareers-parkdental","icims"
"physiciancareers-stelizabeth","icims"
"analystcareers-analysisgroup","icims"
"careers-aceroschools","icims"
"careers-coolrayal","icims"
"careers-waterway","icims"
"careers-dohrn","icims"
"careers-idlo","icims"
"careers-sonendo","icims"
"carolinapolywestminsterenglish-poly-america","icims"
"graduate-toyota-europe","icims"
"jobs-axom","icims"
"us-careers-verathon","icims"
"careers-municipalmanagement","icims"
"careers-floridamedclinic","icims"
"careers-stelexis","icims"
"aidatlanta-aidshealth","icims"
"careers-colliersprojects","icims"
"careers-dminc","icims"
"careers-dndi","icims"
"careers-verticalscreen","icims"
"corporatecareers-aus","icims"
"externaltalent-mskcc","icims"
"midlandshealthandrehab-careers-fundltc","icims"
"careers-assuredpartners","icims"
"careers-changegrowlive","icims"
"careers-peagroup","icims"
"expleo-jobs-ro-en","icims"
"jobs-myvschome","icims"
"spencerbristolengineering-gray","icims"
"careers-cdmbarcelona","icims"
"careers-townsgate","icims"
"careers-tuality","icims"
"careers-vistrygroup","icims"
"careers-alo","icims"
"careers-goaheadlondon","icims"
"careers-lccc","icims"
"foresthavennursingcenter-careers-fundltc","icims"
"physicianservices-stlukes-stl","icims"
"careers-albania-titanmaterials","icims"
"careers-barstowhvac","icims"
"careers-cmdelectric","icims"
"careers-rovisys","icims"
"careers-soitec","icims"
"careersasia-en-libertymutual","icims"
"academiccareers-udst","icims"
"bonobos-guideshop","icims"
"careers-commtrans","icims"
"careers-hamptonlumber","icims"
"careers-itstechnology","icims"
"careers-oakgov","icims"
"careers-petsuppliesplus","icims"
"careers-qchek","icims"
"careers-scienceandpurpose","icims"
"careers-trimac","icims"
"hrjobs","icims"
"statewideremodelingcareers-titan","icims"
"uscareeropenings-alliancelaundry","icims"
"careers-karyopharm","icims"
"careers-kyowa-kirin","icims"
"careers-mdi","icims"
"careers-royalsociety","icims"
"careers-yugo","icims"
"englishcareers-bartlett","icims"
"careers-accretive","icims"
"careers-mcwane","icims"
"careers-nyrc","icims"
"careers-springeq","icims"
"spjobs-noodles","icims"
"careers-sunauto","icims"
"nursingcareers-bayfronthealth","icims"
"careers-seismic","icims"
"airportcenterparking-tlrgc","icims"
"apply-westernnewyork","icims"
"careers-actslife","icims"
"careers-clsliving","icims"
"careers-ferrellgas","icims"
"careers-lspower","icims"
"careers-trueranches","icims"
"careers-ukplanningshopintl","icims"
"retail-segrocers","icims"
"usa-pursuitcollection","icims"
"careers-grahampackaging","icims"
"careers-kwtglobal","icims"
"careers-renaissance","icims"
"careers-thenannyleague","icims"
"uscareers-acdivoca","icims"
"careersonland-starboardcruise","icims"
"praxis-interpath","icims"
"careers2-columbuszoo","icims"
"craft-pcg","icims"
"careers-araglegal","icims"
"careers-fednot","icims"
"careers-suncore","icims"
"careers-axient","icims"
"careers-hrknowledge","icims"
"careers-rambus","icims"
"drybarshops-wellbizbrands","icims"
"fairfaxva-allanmyers","icims"
"jobs-consumers","icims"
"jobs-fchp","icims"
"polywestspanish-poly-america","icims"
"careers-dynamicec","icims"
"careers-familyauto","icims"
"careers-installed","icims"
"careers-rightnowheatingacplumbing","icims"
"careers-universityinstructors","icims"
"eu-careers-insmed","icims"
"careers-cadent","icims"
"careers-frontwavecu","icims"
"careers-mavresources","icims"
"carrieres-nl-impactsalesmarketingbe","icims"
"technician-titanmachinery","icims"
"volunteer-hospiceofalabama","icims"
"careers-bnh","icims"
"careers-hustlerhollywood","icims"
"careers-pacapts","icims"
"jobs-spanopratt","icims"
"careers-jenkinslumber","icims"
"careers-tbh-bluesprigpediatrics","icims"
"faculty-clarkson","icims"
"careers-mrocorp","icims"
"careers-platinum","icims"
"uscareers-lennox","icims"
"alabamaexternal-mobisalabamallc","icims"
"careers-na-merlinentertainments","icims"
"careers-ovgcan","icims"
"careers-wleeflowers","icims"
"careersintl-maxlinear","icims"
"volunteer-hospiceofflorida","icims"
"careers-councilofindustry","icims"
"careers-nyfoundling","icims"
"hourly-brosnanrisk","icims"
"rush-goauto","icims"
"thesouthbendclinic-dulyhealthandcare","icims"
"careers-alpinehomecare","icims"
"careers-atlantiscasino","icims"
"careers-ctl-systemware","icims"
"careers-steely","icims"
"careers-v-nova","icims"
"careers-wakely","icims"
"wisconsinearlyautismproject-learnbehavioral","icims"
"federal-coalfire","icims"
"polywestenglish-poly-america","icims"
"trabajoshoras-reynoldsconsumerproducts","icims"
"careers-airmethods","icims"
"jobs-cesi","icims"
"terrabellahealth-careers-fundltc","icims"
"careers-cpiplumbing","icims"
"careers-folkeshomeservices","icims"
"careers-warhorsecasino","icims"
"careers-brookings","icims"
"careers-i2xisys","icims"
"careers-texasairsystems","icims"
"english-poly-america","icims"
"external-careers-sodexo","icims"
"careers-arh","icims"
"careers-equitableoil","icims"
"careers-mineralstech","icims"
"englishcareers-bruker","icims"
"jobsindia-apac-gep","icims"
"uk-crawco","icims"
"careers-drinkmilos","icims"
"careers-firstchoiceevaluations","icims"
"careers-heritagehomeservice","icims"
"careers-planettan","icims"
"supportstaff-lscctx","icims"
"thermoking-kirbycorp","icims"
"careers-gcg","icims"
"solidagohealthrehab-careers-fundltc","icims"
"volunteer-hospiceofnewjersey","icims"
"careers-humanscale","icims"
"careers-adlittle","icims"
"careers-globalcu","icims"
"careers-harpercollins","icims"
"careers-immucor","icims"
"careers-shure","icims"
"careers-vpne","icims"
"careersen-fountaintire","icims"
"carrieres-nl-promosapiens","icims"
"riversidehealthrehabsc-careers-fundltc","icims"
"transportation-allanmyers","icims"
"careers-axway","icims"
"careers-falconwood","icims"
"careers-lw","icims"
"careers-metroworth","icims"
"careers-pcifs","icims"
"ecg-llc","icims"
"onboarding-cedarfair","icims"
"contractwork-eauditstaff","icims"
"gbsc-crawco","icims"
"jobsspa-mastercorp","icims"
"careers-dac-daifuku","icims"
"careers-devtechsys","icims"
"calhounconvalescentcenter-careers-fundltc","icims"
"careers-onecallhouston","icims"
"aujscareers-aus","icims"
"careers-gentivahs","icims"
"careers-ridgecresthrc","icims"
"careers-standoutfieldmarketing","icims"
"careers-thesilverlining","icims"
"emeacareers-lumanity","icims"
"jobs-imelect","icims"
"sandylakerehabandcare-careers-fundltc","icims"
"careers-ccacac","icims"
"careers-intrastaff","icims"
"datasciencecareers-analysisgroup","icims"
"careers-extensishr","icims"
"careers-hospiceofnewmexico","icims"
"heightsfinance-curo","icims"
"careers-dickblick","icims"
"careers-lithia","icims"
"polytruckingnondriver-poly-america","icims"
"careers-besthomeservices","icims"
"careers-pwrteams","icims"
"careers-tradeupcaliforniaregion","icims"
"canada-omnihotels","icims"
"fbh-ccsww","icims"
"careers-americanaddictioncenters","icims"
"careers-cohenco","icims"
"careers-i3-corps","icims"
"careers-insight2profit","icims"
"careers-kyfb","icims"
"careers-shriners","icims"
"careers-southcoast","icims"
"careersen-hrrh","icims"
"external-ascendfcu","icims"
"jobseurope-gep","icims"
"careers-cvph","icims"
"careers-qualus","icims"
"careers-sunrisebuilderssupply","icims"
"careersen-hondacanada","icims"
"horizonspecialtyhenderson-careers-fundltc","icims"
"careers-barkerservices","icims"
"careers-dialysisclinic","icims"
"careers-owyheeheating","icims"
"careers-souto","icims"
"jobs-bennettaerospace","icims"
"promarcareers-genusplc","icims"
"careers-bruno","icims"
"jobs-bonadio","icims"
"careers-mg2","icims"
"careers-silveredgegs","icims"
"uscareers-yelp","icims"
"careers-bgca","icims"
"careers-firstrust","icims"
"careers-lmi","icims"
"careers-mambu","icims"
"careers-proudmomentsaba","icims"
"volunteer-hospiceofthesouthcoast","icims"
"careers-atlasworldgroupinc","icims"
"careers-cannacabana","icims"
"careers-oremorautomotive","icims"
"careers-praxispackaging","icims"
"careers-shaneco","icims"
"jobs-olympusat","icims"
"careers-akahillc","icims"
"careers-pyramidsystems","icims"
"careers-resonetics","icims"
"communities-tutera","icims"
"facultycareers-bethel","icims"
"uscareers-acuren","icims"
"careers-buspatrol","icims"
"careers-nakupuna","icims"
"careers-riversidehealth","icims"
"indiacareers-paychex","icims"
"external-storion","icims"
"careers-bosselman","icims"
"careers-iehp","icims"
"carrieres-cslships","icims"
"porter-oneworkplace","icims"
"amersportscareers-wilson","icims"
"careers-bostonpizza","icims"
"careers-clearygottlieb","icims"
"careers-derivco","icims"
"careers-insightinvestments","icims"
"careers-iquw","icims"
"careers-sargentlundy","icims"
"jobs-airdc","icims"
"mexicocareers-avispl","icims"
"planningshopintl-careers","icims"
"careers-baptistneighborhoodhospital","icims"
"careers-brinkmannconstructors","icims"
"careers-epsii","icims"
"careers-fresenius-kabi","icims"
"careers-sentinel","icims"
"careers-trustbridgeinc","icims"
"pavilionatglaciervalley-careers-fundltc","icims"
"teammember-millersalehouse","icims"
"thebrazosofwaco-careers-fundltc","icims"
"careers-allison","icims"
"careers-learnitacademic","icims"
"careers-mason","icims"
"careers-netherlands-expleo-jobs","icims"
"careers-nvisioncenters","icims"
"careers-buzziunicemusa","icims"
"hourlyjobs-reynoldsconsumerproducts","icims"
"canada-hardrock","icims"
"careers-altardstate","icims"
"ecpi-emory","icims"
"careers-gdeb","icims"
"careers-hamiltoncompany","icims"
"careers-liveresia","icims"
"careers-primecontrols","icims"
"careers-wwfus","icims"
"careers-bettendorf","icims"
"careers-livcor","icims"
"consultants-socialsolutions","icims"
"drivers-harborfoods","icims"
"bicon-bi-conservices","icims"
"canadacareers-gmfinancial","icims"
"careers-indio","icims"
"careers-mountainhomeservices","icims"
"rsc-canada-redlobster","icims"
"careers-gttechnologies","icims"
"careers-eastwestbank","icims"
"careers-usap","icims"
"careers-bethelpointe","icims"
"careers-greenstreet","icims"
"careers-bradfordexchange","icims"
"careers-fedwriters","icims"
"careers-gilbaneco","icims"
"careers-hkgroup","icims"
"careers-nyit","icims"
"careers-trajectorservices","icims"
"careers-veroscredit","icims"
"graysolutions-gray","icims"
"yearround-usta","icims"
"careers-brownheatingandcooling","icims"
"careers-priorityfinancial","icims"
"careers-ccr","icims"
"careers-hospiceofnorthcarolina","icims"
"careers-samaritas","icims"
"externalnr-ohioliving","icims"
"internships-apha","icims"
"westfinancialservices-sandyspringbancorp","icims"
"careers-ultimatemedical","icims"
"faculty-amanet","icims"
"kura-careers","icims"
"careers-univrad","icims"
"mexicocareers-prodrivenbrands","icims"
"careers-centricbrandsasia","icims"
"globalcareers-cotiviti","icims"
"careers-bcferries","icims"
"careers-ebscoind","icims"
"careers-plazatire","icims"
"careers-rfacareers","icims"
"careers-tabitha","icims"
"careers-wellpath","icims"
"lksomphysiciancareers-temple","icims"
"storecareers-gpminvestments","icims"
"talent-marvin","icims"
"us-erac","icims"
"uscareers-nyu","icims"
"jobs-nuri","icims"
"careers-gebbs","icims"
"careers-origamirisk","icims"
"corporate-reebok-sparcgroup","icims"
"citizenscareers-ahrc","icims"
"jobs-elizabethhospice","icims"
"careers-goprimegroup","icims"
"careers-abilegroup","icims"
"careers-atlasvanlinescanada","icims"
"careers-ccr-ge","icims"
"careers-concord","icims"
"careers-prideindustries","icims"
"nursingcareers-ohsu","icims"
"blackjack-paveamerica","icims"
"careers-bronxdefenders","icims"
"careers-itcmgt","icims"
"careersindonesiapam-principal","icims"
"encareers-cmh","icims"
"expleo-jobs-ie-en","icims"
"staffemployment-stthomas","icims"
"brookvillecareers-ahrc","icims"
"careers-davidsonhospitality","icims"
"careers-maxautoglass","icims"
"careers-metalexchange","icims"
"careers-execusearchchi","icims"
"careers-powerplan","icims"
"careers-avionyx","icims"
"careers-continuumhospice","icims"
"careers-haweo","icims"
"careers-kiscoseniorliving","icims"
"careers-edmorse","icims"
"careers-humdinger","icims"
"careers-slco","icims"
"careers-toyota-boshoku","icims"
"careers-vennlifesciences","icims"
"uscareers-worldpac","icims"
"volunteeropportunities-acdivoca","icims"
"blueskytherapy-et","icims"
"careers-absolutefix","icims"
"careers-explorelearning","icims"
"careers-hendrixair","icims"
"careers-ventrahealth","icims"
"careers2-counterpart","icims"
"careers-gray","icims"
"careers-jaxkarwash","icims"
"careers19-oremorautomotive","icims"
"global-nyu","icims"
"volunteer-hospiceoftennessee","icims"
"careers-kbcomplete","icims"
"nashvillecares-puzzlehr","icims"
"careers-copperknoll","icims"
"careers-hydromaxusa","icims"
"expleo-jobs-at-de","icims"
"app-career-curanahealth","icims"
"careers-nhbc","icims"
"careers-acehome","icims"
"careers-altapointe","icims"
"careers-cambrianhomecare","icims"
"careers-nathealthcare","icims"
"careers-unitedveincenters","icims"
"careers3-columbuszoo","icims"
"internationalcareers-nlcs","icims"
"uscareers-sunriseseniorliving","icims"
"careers-amanet","icims"
"careers-jkmoving","icims"
"careers-legacyscs","icims"
"careers-sonrava","icims"
"careers-tierpoint","icims"
"careers1-nutrien","icims"
"leadership-ghgkz","icims"
"careers-foreignaffairs-cfr","icims"
"jobs-richdalegroup","icims"
"stores-na-urbn","icims"
"careers-mycmh","icims"
"careers-gsicanada","icims"
"careers-morreyscontracting","icims"
"careers-compasswater-cecoenviro","icims"
"drivers-natdcp","icims"
"careers-cadmusgroup","icims"
"careers-immanuel","icims"
"careers-magaero","icims"
"external-goaheadlondon","icims"
"indiacareers-tenerity","icims"
"jobs-childrensmercykc","icims"
"uscareers-kellerna","icims"
"careers-haskell","icims"
"careers2-ruralking","icims"
"careers-aspireindiana","icims"
"careers-definition6","icims"
"careers-hcso","icims"
"careers-bantamtools","icims"
"careers-concorde","icims"
"careers-tophatls","icims"
"careers-zenova","icims"
"careers-standardbiotools","icims"
"ca-careers-fbmsales","icims"
"career-opportunities-thezenith","icims"
"careers-martintire","icims"
"external-tintri","icims"
"french-external-prodwaredag","icims"
"advantagecarecareers-ahrc","icims"
"careers-blackhawknetwork","icims"
"careers-cfins","icims"
"careers-fastpacehealth","icims"
"careers-pennex","icims"
"careers-symbria","icims"
"careers-thepetestore","icims"
"careers-tlcmgmt","icims"
"jobsus-gep","icims"
"phil-omniinteractions","icims"
"careers-beringstraits","icims"
"professionals-brosnanrisk","icims"
"setfcareers-jmfamily","icims"
"spcareers-americanfoodsgroup","icims"
"caf-erac","icims"
"careers-gridbright","icims"
"careers-instechnologies","icims"
"careers-justmortgages","icims"
"uk-aon","icims"
"us-avisonyoung","icims"
"careers-buckeye","icims"
"careers-gaynors","icims"
"careers-kolmac","icims"
"germanycareers-avispl","icims"
"hrhnewyork-hardrock","icims"
"careers-blueridgehealth","icims"
"managedmobilecareers-epikafleet","icims"
"careers-auw","icims"
"careers-bigsmiles","icims"
"careers-consilio","icims"
"careers-kinaxis","icims"
"careers-nl-merlinentertainments","icims"
"careers-northstaranesthesia","icims"
"careers-urbanscience","icims"
"english-stonex","icims"
"external-himss","icims"
"jobs-accion","icims"
"jobs-brhealth","icims"
"physicians-novanthealth","icims"
"qts-cretex","icims"
"retailcareers-vitaminshoppe","icims"
"social","icims"
"careers-bohemianhotelsavannah","icims"
"careers-nafinc","icims"
"careers-psgc","icims"
"careers-siglifestyles","icims"
"jobs-socialsolutions","icims"
"birdsongcareers-demant","icims"
"careers-de-merlinentertainments","icims"
"jobs-schatz","icims"
"professional-allanmyers","icims"
"careers-hospiceofalabama","icims"
"careers-medsourcemi","icims"
"careers-ndbt","icims"
"careers-raptortech","icims"
"careers-vulcan","icims"
"globalhub-berryglobal","icims"
"carrieres-fr-marvestingbe","icims"
"chs-ccsww","icims"
"careers-espmgmt","icims"
"drivers-bordendairy","icims"
"hourlycareers-uk-merlinentertainments","icims"
"career-accesslimited","icims"
"careers-anumber1air","icims"
"careers-gr8global","icims"
"careers-gtsx","icims"
"careers-techcu","icims"
"dentistcareers-nadentalgroup","icims"
"jobs-motionlabs","icims"
"thesafetygroup-bi-conservices","icims"
"careers-stellantsystems","icims"
"careersen-aecl","icims"
"careerseu-revantage","icims"
"dentistchoicehealthcare-mychildrenschoice","icims"
"expleo-jobs-de-de","icims"
"careers-banknewport","icims"
"switzerland-careers-aitworldwide","icims"
"careers-chickfila","icims"
"careers-hcdpbc","icims"
"careers-madeiramadeira","icims"
"careers-shi","icims"
"careers-steinhafels","icims"
"globalcareers-worldpac","icims"
"seasonalcareers-uk-merlinentertainments","icims"
"careers-airservicesheatingac","icims"
"careers-careringhealth","icims"
"careers-ruralking","icims"
"careers20-oremorautomotive","icims"
"bridgeway-affinityhospice","icims"
"careers-cohencpa","icims"
"careers-direct-comfort","icims"
"careers-paperworksindustries","icims"
"careers-tgkauto","icims"
"careers-unitedgrinding","icims"
"careers3-frost","icims"
"careers-impaxam","icims"
"careers-niche","icims"
"amplify-hearing","icims"
"careers-allproplumbers","icims"
"careers-continuumservices","icims"
"careers-hyland","icims"
"careers-vanovahealth","icims"
"emea-external-aitworldwide","icims"
"autismspectrum-learnbehavioral","icims"
"careers-cbps","icims"
"careers-naturalgrocers","icims"
"careers-oregonlottery","icims"
"external-raleys","icims"
"interncareers-captrust","icims"
"careers-archbow","icims"
"careers-modex","icims"
"careers-pcg","icims"
"careers-snapon","icims"
"management-redlobster","icims"
"bewelloc-puzzlehr","icims"
"careers-appliedsystems","icims"
"careers-glaciercap","icims"
"careers-holisticarehospice","icims"
"careers-lumapr","icims"
"seasonal-mounthermon","icims"
"careers-ctp-inc","icims"
"careers-joesjeans","icims"
"careers-yorkvilleu","icims"
"careers-itility","icims"
"careers-avon","icims"
"careers-novolex","icims"
"idccareers-latam-idg","icims"
"internationalcareers-waters","icims"
"careers-dole","icims"
"careers-game-one","icims"
"careers-halifax","icims"
"careers-michiganfirst","icims"
"careers-puttery","icims"
"careers-salemstate","icims"
"careers-wiscenterprises","icims"
"jobs-centralmarket","icims"
"scs-scottishgovernment","icims"
"careers-bncsystems","icims"
"careers-partsauthority","icims"
"careers-simventions","icims"
"careers-sunsetter","icims"
"jobs-townandcountrymarkets","icims"
"modcareers-ts","icims"
"careers-callballthatsall","icims"
"careers-papedawson","icims"
"careers-starpointproperties","icims"
"careers9-oremorautomotive","icims"
"jobs-selectmedicalcorp","icims"
"careers4-calamp","icims"
"campus-globalcareers-atlassian","icims"
"careers-hamilton","icims"
"amazinglashstudio-wellbizbrands","icims"
"careers-affinityhospice","icims"
"careers-apderm","icims"
"careers-berrydunn","icims"
"careers-cooperhealth","icims"
"careers-ketteringhealth","icims"
"careers-skdk","icims"
"spcareers-sagehospitality","icims"
"careers-comfortdynamicstn","icims"
"careers-grin","icims"
"careers-msa-ps","icims"
"expleo-jobs-pt-en","icims"
"cafrench-edf-re","icims"
"careers-lsac","icims"
"jobs-aerojet-rocketdyne","icims"
"careers-essensedesigns","icims"
"careers-lfp","icims"
"careers-vanir","icims"
"frcareers-wd40company","icims"
"careers-osb","icims"
"clinicalcareers-arraybc","icims"
"careers-tlcconstruction","icims"
"careers-usclaro","icims"
"careers-ameritfleet","icims"
"careers-canada-parivedasolutions","icims"
"careers-cfr","icims"
"careers-cisecurity","icims"
"careers-commitent","icims"
"careers-knowledgeservices","icims"
"careers-thewoodlands","icims"
"interns-brookings","icims"
"research-princeton","icims"
"retail-aero-sparcgroup","icims"
"turnerasphalt-paveamerica","icims"
"heartcorps-heart","icims"
"careers-chrysalishealth","icims"
"careers-grammatech","icims"
"careers-iridium","icims"
"careers-leoadaly","icims"
"careers-svclnk","icims"
"externalusa-spplus","icims"
"intercounty-careers-lslps","icims"
"tw-apaccareers-trinseo","icims"
"careers-hgistores","icims"
"careers-jwaffinityit","icims"
"careers-quadax","icims"
"careers-symmons","icims"
"careers-tantustech","icims"
"crossroadscontinuum-puzzlehr","icims"
"careers-fdcorp","icims"
"jobs-mytahome","icims"
"careers-hvivo","icims"
"careers-jpcullen","icims"
"constructiontrade-charah","icims"
"asl-frontlinewagedisplay","icims"
"atriaretirementcanada-atria","icims"
"australia-geosyntec","icims"
"careers-hcsgcorp","icims"
"careers-iquwgroup","icims"
"management-davidsonhospitality","icims"
"spanishhillswellness-careers-fundltc","icims"
"careers-resource-corp","icims"
"careers-unitypoint","icims"
"fellowships-aidshealth","icims"
"jobs-auxis","icims"
"jobs-tradesmen","icims"
"cscareers-epikafleet","icims"
"wendyscareers-ts","icims"
"careersmalaysiapam-principal","icims"
"hqcareers-globalcommunities","icims"
"careers-bodeansbaking","icims"
"early-careers-avisonyounguk","icims"
"associatecareers-lw","icims"
"careers-rosepestsolutions","icims"
"careers-ymcasd","icims"
"corporate-lewistree","icims"
"careers-mobiledentists","icims"
"careers-ovg","icims"
"careers-titansecurity","icims"
"everwatch-everwatchsolutions","icims"
"spanish-greatdane","icims"
"uscareers-fujifilm","icims"
"careers-massywoodltd","icims"
"careers-wforce","icims"
"carolinapolyenglish-poly-america","icims"
"hourly-bordendairy","icims"
"aucareers-wd40company","icims"
"careers-aacr","icims"
"careers-ragsdaleair","icims"
"careersni-lookersplc","icims"
"staffcareers-mcguirewoods","icims"
"careers-barnscom","icims"
"careers-bridgenext","icims"
"careers-clydecapitalgroup","icims"
"careers-it-merlinentertainments","icims"
"careers-sanctuaryhospice","icims"
"careers-vets-inc","icims"
"careers-williamscomfortair","icims"
"careers-kbhome","icims"
"careers22-oremorautomotive","icims"
"careers-beechacres","icims"
"careers-ccpolymersllc","icims"
"careers-championcomfortexperts","icims"
"careers-dewberry","icims"
"careers-embarkbh","icims"
"careers-internova","icims"
"careers-narmc","icims"
"careers-naylor","icims"
"careers-reidhealth","icims"
"careers-tdindustries","icims"
"careers-togetherwomenshealth","icims"
"careers-helmerinc","icims"
"careers-walbridge","icims"
"careersvistaoralsurgeryandimplants-lightwavedental","icims"
"faculty-saintmarysuniversity","icims"
"georgiaexternal-mobisalabamallc","icims"
"careers-newriver-ymca","icims"
"jobs-millrock","icims"
"careers-driversedge","icims"
"ukcareers-avispl","icims"
"globalcareers-granicus","icims"
"managementcareers-luckystrikeentertainment","icims"
"volunteer-brookhavenhospice","icims"
"careers-newmarket","icims"
"careers-teksynap","icims"
"careers-winshape","icims"
"de-careers-novelis","icims"
"enduracareacutecare-et","icims"
"jobs-activeinternational","icims"
"non-clinical-emory","icims"
"careers-hanoverresearch","icims"
"careers-knipper","icims"
"careers-tricitymed","icims"
"frcareers-groupedynamite","icims"
"hsg-harvard","icims"
"saspro-uscareers","icims"
"careers-ccsusa","icims"
"careers-resourcelabel","icims"
"driver-petrochoice","icims"
"ph-careers-communitybrands","icims"
"wallypark-tlrgc","icims"
"drivercareers-adspipe","icims"
"careers-americansystems","icims"
"careers-premierbuildingsupply","icims"
"events","icims"
"careers-express","icims"
"careers-henderson-ymca","icims"
"colorado-edmorse","icims"
"guestexperience-usta","icims"
"internship-wginc","icims"
"careers-assemblyapac","icims"
"careers-mccarthyca","icims"
"careers-patientsandpurpose","icims"
"carrieres-fednot","icims"
"clinics-midlandhealth","icims"
"lacareers-livech","icims"
"careers-c1","icims"
"careers-cacu","icims"
"careers-ctisinc","icims"
"careers-growfinancial","icims"
"careers-stellarsolutions","icims"
"careers4-jacksonhealthcare","icims"
"centraloffice-scsk12","icims"
"internationalcareers-kvh","icims"
"jobs-getty","icims"
"jobs-pistongroup","icims"
"canada-english-avisonyoung","icims"
"service-princeton","icims"
"asl-departmentdirectorwagedisplay","icims"
"horizonhealthandrehab-careers-fundltc","icims"
"scheduledcarecareers-arraybc","icims"
"careers-mrcentral","icims"
"careers-vanasolutions","icims"
"careers-bartonassociates","icims"
"careers-featherstoneliving","icims"
"careers-nz-merlinentertainments","icims"
"careers-recoverysolutions","icims"
"careers-seminole","icims"
"external-pccsea","icims"
"careers-assemblyglobalmena","icims"
"careers-redcap","icims"
"careers-rvu","icims"
"careers-virginiahousing","icims"
"graduatecareers-adelphi","icims"
"jobs-fala","icims"
"poltexspanish-poly-america","icims"
"careers-barrios","icims"
"facultyemployment-stthomas","icims"
"jobs-swkey","icims"
"careers-circare","icims"
"careers-neighborhooddefender","icims"
"careers-cslships","icims"
"careers-harrison-ymca","icims"
"experienced-opportunities-cohenco","icims"
"careers-alf","icims"
"careers-cecinc","icims"
"careers-centersusa","icims"
"careers-group1auto","icims"
"careers-lookersplc","icims"
"careers-naphcare","icims"
"careers-sumter","icims"
"careers-tier1","icims"
"careers-visiontechnologies","icims"
"careers-winco","icims"
"composite-jobs-marvin","icims"
"edgewoodrehab-careers-fundltc","icims"
"foundrycareers-idg","icims"
"careers-dbbh","icims"
"globalcareers-ebscoind","icims"
"careers-brookdalecc","icims"
"careers-calspan","icims"
"careers-sagaftra","icims"
"athomecareers-arraybc","icims"
"campus-hcsgcorp","icims"
"careers-atwell","icims"
"jobs-mutualofenumclaw","icims"
"expleo-jobs-eg-en","icims"
"beluxenglish-equans","icims"
"careers-greensky","icims"
"careers-mfp","icims"
"careers-orourkespeakcellars","icims"
"careers-plymouthrock","icims"
"careers-prolifics","icims"
"careers-sedanos","icims"
"careers-stlukes-stl","icims"
"careers-woodlandsprings","icims"
"careersen-baffinland","icims"
"communitysupport-atria","icims"
"franchisecareers-massageenvy","icims"
"hourlycareers-na-merlinentertainments","icims"
"storeassociates-burlingtonstores","icims"
"canadacareers-asm","icims"
"careers-dn-merlinentertainments","icims"
"careers-iconplc","icims"
"careers-texasbar","icims"
"els-blackhawknetwork","icims"
"careers-cajunusa","icims"
"careers-trahans","icims"
"careers-wesleyan","icims"
"external-edgeworthparkatnewtown","icims"
"retail-reebok-sparcgroup","icims"
"willettengineering-gray","icims"
"careers-aireon","icims"
"careers-flexpath","icims"
"careers-pinkerton","icims"
"careersen-snackruptors","icims"
"careers-ftidefense","icims"
"careers-mazzellacompanies","icims"
"careers-obxtek","icims"
"careers-paveamerica","icims"
"careers-validatek","icims"
"veterinary-heartlandvetpartners","icims"
"careers-brakemax","icims"
"careers-ers","icims"
"careers-solairus","icims"
"rccto-careers-peopletec","icims"
"southpointehealthandrehab-careers-fundltc","icims"
"careers-imaginecommunications","icims"
"careers-nkartatx","icims"
"externalhourly-omnihotels","icims"
"careers-surgisac","icims"
"aircomfort-solutionstulsa","icims"
"careers-addison","icims"
"careers-dristeem","icims"
"careers-legacyheatingandairinc","icims"
"apaccareers-trinseo","icims"
"canada-sunriseseniorliving","icims"
"careers-novelis","icims"
"careers-pittohio","icims"
"careers-watchguard247","icims"
"external-corp-teldta","icims"
"external-huitt-zollars","icims"
"joesautoparks-tlrgc","icims"
"uscareers-groupedynamite","icims"
"accesssolutions-skyclimber","icims"
"careers-gd-ots","icims"
"careers-uti","icims"
"toomey-ccoc","icims"
"careers-caredesignny","icims"
"careers-citgo","icims"
"careers-lawrenceville","icims"
"careers-legacyhospice","icims"
"careers-waterviewcasino","icims"
"carrieres-fr-impactsalesmarketingbe","icims"
"careers-radancy","icims"
"careers-thegardenshrc","icims"
"hourly-sircorp","icims"
"jobs-crossglobe","icims"
"postdoctoral-ohsu","icims"
"careers-christianacarenh","icims"
"careers-india-cecoenviro","icims"
"careers-advancemgt","icims"
"careers-coastalhomeservicesinc","icims"
"careers2-sparcanada","icims"
"careers-empiricalfoods","icims"
"careers-mono","icims"
"chesapeakeva-allanmyers","icims"
"fordtechs-ims","icims"
"securitycareers-aus","icims"
"upnorthenglish-poly-america","icims"
"careers-colonialoaks","icims"
"careers-hackensackmeridianhealth","icims"
"careers-johnsiskandson","icims"
"careers-kloveair1","icims"
"careers-bestmsls","icims"
"careers-catons","icims"
"careers-coolray","icims"
"careers-opko","icims"
"careers-oeb","icims"
"careers-redstagfulfillment","icims"
"careers-kvh","icims"
"careers-northside","icims"
"opportunities-dardanelle","icims"
"vertexcareers-atriumworks","icims"
"careers-apac-atlassian","icims"
"careers-atlantarehab","icims"
"careers-bdssolutions","icims"
"careers-blarneycastleoil","icims"
"careers-chestnut","icims"
"careers-emagin","icims"
"careers-nrdc","icims"
"careers-singerequipment","icims"
"careers-smokymountaindentistry-lightwavedental","icims"
"careers2-capreit","icims"
"careersger-itt-inc","icims"
"concertedcare-kolmac","icims"
"magnoliamanorrockhill-careers-fundltc","icims"
"careers-afcu","icims"
"careers-ddassociates","icims"
"careers-eimagine","icims"
"emea-blackhawknetwork","icims"
"careers-chccrew","icims"
"careers-metabolon","icims"
"careers-nrgmr","icims"
"esurvcareers-lslps","icims"
"careers-bcmscomp","icims"
"careers13-oremorautomotive","icims"
"careers-americancollectors","icims"
"careers-screwfix","icims"
"careers-tactica-solutions","icims"
"phcareers-qualfon","icims"
"careers-ictower","icims"
"distribution-alliancelaundry","icims"
"downtimecareers-epikafleet","icims"
"financialadvisorcareers-captrust","icims"
"hqcareers-it-msf","icims"
"pnacareers-mastec","icims"
"providers-dartmouth-hitchcock","icims"
"careers-medicalsolutions","icims"
"field-mvtransit","icims"
"hourlysp-nationalbeef","icims"
"jmpglobal-sas","icims"
"jobs-lamothermic","icims"
"careers-cuyahogabdd","icims"
"careers-kidscarehh","icims"
"jobs-mdssolutions-keyrehab","icims"
"careers-bridgesource","icims"
"careers-norcomm","icims"
"physiciansproviders-unitypoint","icims"
"careers-adstra","icims"
"careers-allwayscaring","icims"
"careers-tripointsolutions","icims"
"drivethru-spanish-amys","icims"
"careers-hospiceoftennessee","icims"
"careers-parkchildcare","icims"
"careers-vanguard","icims"
"coastalrehab-careers-fundltc","icims"
"flex-lifeway","icims"
"cacareers-groupedynamite","icims"
"careers-affordablecare","icims"
"careers-eaglebankcorp","icims"
"careers-lynker","icims"
"careers-prginternational","icims"
"careers-supportingstrategies","icims"
"careers2-eyesouthpartners","icims"
"dentalcareers-42northdental","icims"
"pittcareers-livech","icims"
"tacareers-waters","icims"
"theracorept-tptp","icims"
"careers-ampac","icims"
"careers-houstonretina","icims"
"careers-lambstire","icims"
"careers-superior-ymca","icims"
"ideas-sas","icims"
"lasventanascarecenter-careers-fundltc","icims"
"careers-anothersource","icims"
"careers-mrplumberatlanta","icims"
"careers-posillicoinc","icims"
"staff-danos","icims"
"walton-enterprises","icims"
"canadacareers-avispl","icims"
"careers-adelphivaluespcouk","icims"
"careers-millgroupinc","icims"
"sangabrielrehabcenter-careers-fundltc","icims"
"theterraceatdenisonsnf-careers-fundltc","icims"
"careers-rolling","icims"
"careerseng-teleperformance","icims"
"volunteer-hospiceofnewmexico","icims"
"careers-atlasair","icims"
"careers-ita-intl","icims"
"careers-leye","icims"
"careers-phs","icims"
"careers-versiti","icims"
"careers-vistaamerica","icims"
"europecareers-celanese","icims"
"jobs-donohoe","icims"
"baca-learnbehavioral","icims"
"careers-bluegracegroup","icims"
"careers-jobyaviation","icims"
"careers-unfcu","icims"
"careers-vitro","icims"
"totalspectrum-learnbehavioral","icims"
"careers-njeda","icims"
"careers-replimune","icims"
"successlink-boston","icims"
"careers-activeday","icims"
"careers-bdcblueprint-snapon","icims"
"careers-ovgmx","icims"
"pilots-riyadhair","icims"
"ireland-careers-aitworldwide","icims"
"jobs-crepini","icims"
"careers-aluminumdynamics","icims"
"careers-ehs","icims"
"dreamstylecareers-renovo","icims"
"volunteer-dierksenhospice","icims"
"careers-aeieng","icims"
"careers-ahmchealth","icims"
"careers-blanchard","icims"
"careers-capreit","icims"
"careers-dunbia","icims"
"careers-frankgaycommerical","icims"
"careers-isagenix","icims"
"careers-otterproducts","icims"
"careers-pilotdoorsystems","icims"
"careers-psaairlines","icims"
"cds-uscareers","icims"
"management-millersalehouse","icims"
"woodlandsplace-careers-fundltc","icims"
"careers-pactiv-evergreen","icims"
"careers-reallifedentalcare-lightwavedental","icims"
"careers-walshgroup","icims"
"careers-designworkshop","icims"
"careers-roadguard-gsi","icims"
"careers-strosenh","icims"
"careers-darlows","icims"
"careers-nevro","icims"
"studentsandgraduates-allanmyers","icims"
"careers-berkeys","icims"
"careers-hracuity","icims"
"careers2-quanta","icims"
"careers-bklynlibrary","icims"
"careers-capbluecross","icims"
"careers-civilianmedicaljobs","icims"
"careers-dneda","icims"
"careers-heritagechristianservices","icims"
"careers-omnicomhealthgroup","icims"
"careers-quanta","icims"
"careers-sazerac","icims"
"careers-steampunk","icims"
"careers-thestrongholdcompanies","icims"
"careers-universalhealthservices","icims"
"careers-vhb","icims"
"careers3-powerschool","icims"
"creeksideterracerehab-careers-fundltc","icims"
"gercareers-horton","icims"
"global-sas","icims"
"searchcareers-omniemployment","icims"
"usa-anton-paar","icims"
"volunteers-changegrowlive","icims"
"alternacs-paychex","icims"
"careers-arraybc","icims"
"careers-homecomfortusa","icims"
"careers-oceanbank","icims"
"careers-southernairenow","icims"
"careers-ungavatulattavik","icims"
"courtsandgrounds-usta","icims"
"jolleyacreshealthcarecenter-careers-fundltc","icims"
"argentina-bridgestone","icims"
"careers-primeinc","icims"
"corporatejobs-eatatjacks","icims"
"managerjobs-eatatjacks","icims"
"careers-astralatauburn","icims"
"careers-fortiss","icims"
"firestonecompleteautocare-bridgestone","icims"
"careers-cooperparry","icims"
"careers-ibr","icims"
"element-ext-hub","icims"
"careers-dohertyinc","icims"
"careers-thomasgalbraith","icims"
"jobs-uniquely","icims"
"careers-asnconstructors","icims"
"careers-carepartners","icims"
"careers-criticalstart","icims"
"careers-genusplc","icims"
"careers-lorienhealth","icims"
"careers-sares-regis","icims"
"careers-treliant","icims"
"careers-wipfli","icims"
"mexico-omniinteractions","icims"
"ukcareers-fishercareers","icims"
"careers-tcnb","icims"
"chrysalis-learnbehavioral","icims"
"zh-careers-novelis","icims"
"careers-bassettservices","icims"
"careers-drfirst","icims"
"careers-essenmed","icims"
"kansasasphalt-paveamerica","icims"
"careers-fnf","icims"
"careers-marketwise","icims"
"careers-rae","icims"
"careers-rp-techologies","icims"
"corinthrehabsuites-careers-fundltc","icims"
"latinamericacareers-hines","icims"
"retailodyssey-uscareers","icims"
"careers-vhchealth","icims"
"namcareers-trinseo","icims"
"walkerfrasersteele-careers-lslps","icims"
"careers-berkley","icims"
"careers-idealindustries","icims"
"careers-justcalldales","icims"
"careers-kimley-horn","icims"
"careers-nationaldebtrelief","icims"
"careers-odgersinterim","icims"
"careers-pinnaclerehabstaffing","icims"
"careers-topco","icims"
"careers-warrenhenryauto","icims"
"careersen-mackenzieinvestments","icims"
"careers-calihanpork","icims"
"careers-blueridgedentalgroup-lightwavedental","icims"
"careers-catapultsolutions","icims"
"careers-eskenazihealth","icims"
"careers-oxgene","icims"
"careers-urs","icims"
"expleo-jobs-in-en","icims"
"professional-headfirstcamps","icims"
"careers-carolinaconditions","icims"
"careers-christianhvac","icims"
"careers-citrin","icims"
"careers-shamal","icims"
"heightsfinance-attainfinance","icims"
"careers-chrysalis","icims"
"careers-tabacalerausa","icims"
"jobs-centerlinelogistics","icims"
"jobs-sierralobo","icims"
"us-envoyair","icims"
"careers-delinian","icims"
"greenvalleyrehabsuites-careers-fundltc","icims"
"trimactransportationf-trimac","icims"
"careers-northtech","icims"
"external-thepreserve","icims"
"frosts-careers-lslps","icims"
"willowick-hines","icims"
"careers-braums","icims"
"careers-tsymmetry","icims"
"tuncareers-touro","icims"
"careers-casademontecristo","icims"
"careers-industechnology","icims"
"careers-linesight","icims"
"careers-centuryinspection","icims"
"careers-omniinteractions","icims"
"careers-pst","icims"
"careers-quest","icims"
"careers-greenbrickpartners","icims"
"careers-performanceautomotive","icims"
"careers-stress","icims"
"careerslit-libertymutual","icims"
"jobs-novamedical","icims"
"careers-eaglefoods","icims"
"careers-familyres","icims"
"international-cbps","icims"
"careers-adastragrp","icims"
"careers-chesbank","icims"
"careers-clubfitness","icims"
"clubjobs-bgca","icims"
"globalcareers-standardbiotools","icims"
"thesparksgroup-learnbehavioral","icims"
"careers-chasebrass","icims"
"careers-country-fair","icims"
"careers-crescenthospice","icims"
"careers-dlhcorp","icims"
"careers-grinnellmutual","icims"
"careers-lata","icims"
"careers-sev1tech","icims"
"jobs-trustmark","icims"
"local-careers-cwsglobal","icims"
"careers-ccr-ch","icims"
"careers-repligen","icims"
"careers-wel","icims"
"corporatecareers-merlinentertainments","icims"
"fairfieldhealthcenter-careers-fundltc","icims"
"jobs-p3hired","icims"
"meadowbrookcarectr-careers-fundltc","icims"
"pt-careers-novelis","icims"
"apac-external-aitworldwide","icims"
"careers-eeigroup","icims"
"chewtonrose-careers","icims"
"hq-creative","icims"
"provider-unitedhealthcenters","icims"
"careers-fult","icims"
"careers-symplr","icims"
"careers2-advancedrecoverysystems","icims"
"apcjobs-sutterhealth","icims"
"careers-hsedne","icims"
"careers-mauzy","icims"
"careers-pamhealth","icims"
"americas-cookmedical","icims"
"bbrauncareers-bbraun","icims"
"careers-de-axa","icims"
"careers-hamiltonstorage","icims"
"careers-oneadvanced","icims"
"careers-sidley","icims"
"careers-walterpmoore","icims"
"hmwcareers-mastec","icims"
"intern-careers-ovg","icims"
"careers-blackhawk","icims"
"careers-dartmouth-hitchcock","icims"
"careers-healthequity","icims"
"careers-stratus","icims"
"kimley-horndc","icims"
"careers-evms","icims"
"careers-jiffyworld","icims"
"careers-dchsystem","icims"
"careers-uae-cecoenviro","icims"
"expleo-jobs-gb-en","icims"
"andrewjackson-puzzlehr","icims"
"careers-grandviewhealth","icims"
"valleyfallsterrace-careers-fundltc","icims"
"athometherapies-et","icims"
"bibibop-charleys","icims"
"careers-42northdental","icims"
"careers-en-biorad","icims"
"careers-festfoods","icims"
"careers-gatewaygroupone","icims"
"careers-hwkaufman","icims"
"careers-netimpactstrategies","icims"
"careers-westernmilling","icims"
"careers-wseinc","icims"
"external-kirklands","icims"
"jobs-rbscorp","icims"
"parks-jocogov","icims"
"careers-meridianbioscience","icims"
"careers-overallplumbing","icims"
"careers-whippleservicechampions","icims"
"careers2-anothersource","icims"
"craftcareers-sbec","icims"
"hub-msf","icims"
"mortgagecareers-gnm","icims"
"careers-brehotels","icims"
"careers-hospiceofnewjersey","icims"
"careers-parkerandsons","icims"
"careers-ssemc","icims"
"workworld-puzzlehr","icims"
"brownfieldcare-careers-fundltc","icims"
"careers-mastercorp","icims"
"careers-nph","icims"
"careers-stapharma","icims"
"careers-yokohamatire","icims"
"careers-steelofwestvirginia","icims"
"careers-team-rehab","icims"
"careers-palmlakecareers","icims"
"careers-stardental","icims"
"careers-tutulu","icims"
"careers-callhero","icims"
"careers-hhmlp","icims"
"careers-ramonatire","icims"
"craftcareers-bernhard","icims"
"elementsmassage-wellbizbrands","icims"
"external-fortbendcountytx","icims"
"belltowerskillednursing-careers-fundltc","icims"
"careers-counterpart","icims"
"careers-encorefireprotection","icims"
"careers-invisibleexcavations","icims"
"jobs-axleinfo","icims"
"careers2-wyn","icims"
"careers-columbusspringsdublin","icims"
"careers-reynoldsconsumerproducts","icims"
"productioncareers-daddario","icims"
"careers-odysseyconsult","icims"
"careers-ahnneighborhood","icims"
"careers-champmove","icims"
"careers-atcc","icims"
"careers-avian","icims"
"careers-gdms","icims"
"careers-griffisresidential","icims"
"careers-quantrics","icims"
"careers-sharpusa","icims"
"craftprofessionalspa-allanmyers","icims"
"fitnesstogether-wellbizbrands","icims"
"partnerspharmacy-careers","icims"
"careers-bluehalo","icims"
"careers-reimerhvac","icims"
"careers-relfm","icims"
"careers-revantage","icims"
"clinicstaff-lscctx","icims"
"infracareers-sbec","icims"
"careers-treeoflife-kehe","icims"
"careers-greenstate","icims"
"jobs-unilock","icims"
"careers-nikkiso","icims"
"contract-lifeway","icims"
"teammemberjobs-eatatjacks","icims"
"apac-cookmedical","icims"
"au-careers-maximus","icims"
"careers-aaefs","icims"
"careers-exponent","icims"
"careers-sss-steel","icims"
"careersus-shure","icims"
"cacareers-lafarge-na","icims"
"careers-aurora","icims"
"careers-forwardtrust","icims"
"careers-kettler","icims"
"careers-shawmut","icims"
"foundersplazaskillednursing-careers-fundltc","icims"
"careers-aerotek","icims"
"careers-sonnysdirect","icims"
"concentrajobs-selectmedicalcorp","icims"
"contractor-brightspring","icims"
"jobs-bylight","icims"
"careers-davisonheating","icims"
"careers-efgusa","icims"
"careers-sunautoservice","icims"
"trust","icims"
"careers-ardenteagle","icims"
"careers-trinityair","icims"
"careers6-calamp","icims"
"ccsking-ccsww","icims"
"apdintake-austintexas","icims"
"careers-gdifamilyofbrands","icims"
"careers-obmc","icims"
"careers-ucm","icims"
"international-synchronoss","icims"
"triotech-longboathr","icims"
"careers-caliberautocare","icims"
"careers-datavant","icims"
"external-92y","icims"
"careers-tylerpipe","icims"
"jobs-cnhind","icims"
"mxcareers-ssoe","icims"
"careers-willardac","icims"
"corporate-nautica-sparcgroup","icims"
"retail-nautica-sparcgroup","icims"
"careers-jfcs","icims"
"careers-matchmg","icims"
"careers-interstatewaste","icims"
"careers-akebia","icims"
"careers-fontainebleau","icims"
"careers-grandbohemiangreenville","icims"
"careers-harrisonstar","icims"
"careers-infirmaryhealth","icims"
"careers-lrp","icims"
"careers-maxor","icims"
"careers-ringpower","icims"
"careers-springswindowfashions","icims"
"careers-ymcagreenville","icims"
"civil-boston","icims"
"hourly-fotlinc","icims"
"careers-conehealth","icims"
"careers-kghp","icims"
"jobs-bahs","icims"
"canada-french-avisonyoung","icims"
"careers-seniorlifepa","icims"
"careers-novapdo-lightwavedental","icims"
"careers-uuhc","icims"
"careers-sesi-md","icims"
"spicerhaart-careers","icims"
"careers-aei","icims"
"careers-americas","icims"
"careers-dcgoodwill","icims"
"careers-horton","icims"
"careers-pikespeak-ymca","icims"
"careers-rydon","icims"
"jobs-veteransprime","icims"
"careers2-universalhealthservices","icims"
"jobs-brooklynbottling","icims"
"qsccareers-qsc","icims"
"careers-guard","icims"
"careers-kearnybank","icims"
"careers-kellammechanical","icims"
"careers-optimumperformanceinstitute","icims"
"careers-technicalassociates","icims"
"careershomepage-joerns","icims"
"carreras-sos-kd","icims"
"triimaging-puzzlehr","icims"
"careers-cokefarms","icims"
"careers-foxholetechnology","icims"
"careers-sri","icims"
"careers-xerispharma","icims"
"ca-eng-lifescan","icims"
"careers-openarmssolutions","icims"
"careers-parracarcare","icims"
"careers-applusna","icims"
"international-sargentlundy","icims"
"mesocareers-epikafleet","icims"
"arc-onesolutions","icims"
"careers-fhcrc","icims"
"careers-genevarock","icims"
"careers-hist-hackensackmeridianhealth","icims"
"careers-perrysicecream","icims"
"careers-psi","icims"
"careers-ucpcentralpa","icims"
"careers-friendshipschools","icims"
"careers-titancement-egypt","icims"
"jobs-roomandboard","icims"
"rncareers-ketteringhealth","icims"
"careers-premierehcstaffing","icims"
"external-penskemotorgroup","icims"
"maritimecareers-kirbycorp","icims"
"providers-lscctx","icims"
"canada-pursuitcollection","icims"
"careers-blazeair","icims"
"careers-iomart","icims"
"careers-codev","icims"
"careers-gnapartners","icims"
"careers-schusterpt","icims"
"careers-astoria","icims"
"careers-bankonitusa","icims"
"careers-cspire","icims"
"careers-culmen","icims"
"careers-mt-pharma","icims"
"careers-usu","icims"
"careers-vergemobilellc","icims"
"externalsp-spplus","icims"
"pt-careers-hovione","icims"
"alphapaving-paveamerica","icims"
"careers-carishealthcare","icims"
"careers-mysagedental","icims"
"careers-parivedasolutions","icims"
"careers-rochebros","icims"
"careers-brutonknowles","icims"
"careers-electronic-therapy","icims"
"careers-jaxsheriff","icims"
"careers-samaritanvillage","icims"
"headinghomecorps-ampact","icims"
"tradeandhighschool-allanmyers","icims"
"uscareers-holcimbe","icims"
"careers-laramargroup","icims"
"careers-galapagos","icims"
"summitfleet-en-kaizenauto","icims"
"careers-allnativegroup","icims"
"careers-gsi","icims"
"careers-microtechnologies","icims"
"careers-peelregion","icims"
"careers-plumbingtoday","icims"
"careers-primehealthcare","icims"
"careers-valiantsolutions","icims"
"careersus-maxlinear","icims"
"circetusa-kgpco","icims"
"external-minco","icims"
"externalcareers-ohsu","icims"
"nursing-emory","icims"
"students-heartlandvetpartners","icims"
"careers-evanstire","icims"
"careers-intelogix","icims"
"careers-oasis","icims"
"careers-pactworld","icims"
"careers-sas","icims"
"careers-scca","icims"
"globalcareers-sas","icims"
"southbendphysician-dulyhealthandcare","icims"
"injobs-ctg","icims"
"jobs-ccoc","icims"
"retail-dollargeneral","icims"
"securitycareersfrcanada-aus","icims"
"careers-dignityhomecare","icims"
"globalcareers-msci","icims"
"careers-brightspring","icims"
"careers-commonspirit","icims"
"careers-midwestone","icims"
"careers-miltoncat","icims"
"careers-monterosatx","icims"
"careers-northerncomfortsystems","icims"
"careers-wth","icims"
"careershub-shure","icims"
"hrhcatlanticcity-hardrock","icims"
"teamwork-ovg","icims"
"careers-adl","icims"
"careers-hayesfamilydentistry-lightwavedental","icims"
"careers-kaman","icims"
"careers-palmettocitizens","icims"
"classified-ocps","icims"
"corporate-kirbycorp","icims"
"idccareers-idg","icims"
"careers-citizensenergygroup","icims"
"careers-heliohealth","icims"
"careers-igloocoolers","icims"
"careers-redlobster","icims"
"careers-skywardinsurance","icims"
"careers2-tradesmen","icims"
"careers-ishpi","icims"
"campus-apac-atlassian","icims"
"careers-wilmingtonplc","icims"
"careers-alivamab","icims"
"careers-bancorpbank","icims"
"careers-bryantpt","icims"
"careers-ezlynx","icims"
"careers-grandbohemianmountainbrook","icims"
"careers-newhaven","icims"
"careers-persistentsystems","icims"
"external-saintmarysuniversity","icims"
"storejobs-qchek","icims"
"administrative-usta","icims"
"careers-georgiacrown","icims"
"careers-mpr","icims"
"careers-selux","icims"
"corporate-kesslercollection","icims"
"external-dillon","icims"
"external-hunterswoods","icims"
"nonacademiccareers-udst","icims"
"outsourcingcareers-omniemployment","icims"
"careers2-calamp","icims"
"hourly-spanish-redlobster","icims"
"international-daddario","icims"
"nonprovider-unitedhealthcenters","icims"
"careers-hilltopdentalstudio-lightwavedental","icims"
"careers-lgamerica","icims"
"careers-attainfinance","icims"
"ccsnw-ccsww","icims"
"expleo-jobs-mx-en","icims"
"hotjobs-teksynap","icims"
"mbsjobs-bncollege","icims"
"canadacareers-kellerfoundations","icims"
"careers-adr","icims"
"careers-giftofhope","icims"
"careers-keo","icims"
"careers-plantriversidedistrict","icims"
"careers-unisonglobal","icims"
"hps-harvard","icims"
"infrastructurecraftcareers-sbec","icims"
"belgium-careers-aitworldwide","icims"
"careers-carrolltonsprings","icims"
"careers-goldenkeygroup","icims"
"careers-kansascityymca","icims"
"volunteer-altushospice","icims"
"careers-apha","icims"
"careers-blueheron","icims"
"careers-cortland","icims"
"careers-harborone","icims"
"careers-titancement-usa","icims"
"emeacareers-trinseo","icims"
"careers-andersonpower","icims"
"careers-magnera","icims"
"careers-french-ermcoeci","icims"
"careers-beavercreeklodge","icims"
"careers-brmi","icims"
"careers-callbuck","icims"
"careers-filtrationgroupcorp","icims"
"careers-lrri","icims"
"careers-macny","icims"
"careers-oneidentity","icims"
"careers-ostcm","icims"
"careers-pscwater","icims"
"careers-stratospherequality","icims"
"careers-tireoutlet","icims"
"synchronyhealth-trilogyhs","icims"
"austincareers-tistatech","icims"
"careers-cresline","icims"
"careers-edsisolutions","icims"
"careers-lifelongmedical","icims"
"careers-paradymemanagement","icims"
"careers-pne","icims"
"careers-selectquote","icims"
"careers-sjv","icims"
"careers-soleraseniorliving","icims"
"careers12-oremorautomotive","icims"
"inuktitutcareers-baffinland","icims"
"ko-careers-novelis","icims"
"spanishcareers-resonetics","icims"
"careers-franciscanministries","icims"
"careers-heritagehospice","icims"
"careers-masterhalco","icims"
"careers-luum","icims"
"careers-nyitvancouver","icims"
"frenchcareers-treeoflife-kehe","icims"
"physicianoffices-mdmercy","icims"
"careers-northernutah-ymca","icims"
"careers-shsystems","icims"
"nationalalamoca-erac","icims"
"amtcareers-endeavorair","icims"
"careers-ampact","icims"
"careers-vailgov","icims"
"alexleecareers-alexlee","icims"
"careers","icims"
"careers-hcmhcares","icims"
"careers-partnershiphp","icims"
"careers-plansys","icims"
"careers-vistaglobal","icims"
"villarosanursingandrehab-careers-fundltc","icims"
"careers-ccac-ont","icims"
"careers-centralstatesfunds","icims"
"careers-constructconnect","icims"
"careers-henco","icims"
"careers-tracesystems","icims"
"desertchoice-learnbehavioral","icims"
"foundrycareers-emea-idg","icims"
"careers-hireright1","icims"
"careers-smileamericapartners","icims"
"careersita-itt-inc","icims"
"internship-cspire","icims"
"ukcareers-raptortech","icims"
"cabincrew-riyadhair","icims"
"careers-brph","icims"
"careers-guardianfs","icims"
"general-careers-curanahealth","icims"
"careers-cayuseholdings","icims"
"careers-diamondoffshore","icims"
"careers-duluthtrading","icims"
"careers-futurecarehealth","icims"
"careers-mountnittany","icims"
"careers-salemmedia","icims"
"careers-sdsurf","icims"
"careers-utah","icims"
"jobs-brookdale","icims"
"operationcareers-westernsouthern","icims"
"careers-credence-llc","icims"
"careers-gbrailfreight","icims"
"careers-jrmcnd","icims"
"careers-liveinthehive","icims"
"careers-mbpce","icims"
"careers-nevadahealthcenters","icims"
"careers-nybloodcenter","icims"
"careers-structurepoint","icims"
"rehabadvisors-et","icims"
"vendorrelations-rws","icims"
"careers-searhc","icims"
"careersen-thunderbay","icims"
"emea-cookmedical","icims"
"woodbridgecareers-renovo","icims"
"ate-crashchampions","icims"
"careers-malanai","icims"
"careers-servicechampions","icims"
"careers-toscalito","icims"
"careers-usopen","icims"
"uscareers-msci","icims"
"careers-advocatesinc","icims"
"careers-nv5","icims"
"careers-physiciandirect","icims"
"hospital-midlandhealth","icims"
"jobs-heb","icims"
"provider-slhs","icims"
"uiccareers-uicalaska","icims"
"careers-americanhouse","icims"
"careers-bank-cffc","icims"
"careers-caprelo","icims"
"careers-reliable","icims"
"careers-sdilafarga","icims"
"careers-skh","icims"
"careers-vocationaldevelopmentgroupllc","icims"
"acip-generalrv","icims"
"daymon-canadacareers","icims"
"goodfellows-careers-lslps","icims"
"loca-goauto","icims"
"careers-sweetwatercafe","icims"
"diosynthcareers-fujifilmeu","icims"
"careers-crus-daifuku","icims"
"careers-powerforcegb","icims"
"expleo-jobs-ph-en","icims"
"incareers-jaggaer","icims"
"synergyptaw-tptp","icims"
"careers-encyclis","icims"
"careers-entreehealth","icims"
"careers-integriscommunityhospital","icims"
"careers-strattec","icims"
"clinical-emory","icims"
"internationalcareers-ambest","icims"
"menusandvenues-na-urbn","icims"
"professionalcareers-analysisgroup","icims"
"careers-mwdh2o","icims"
"careers-nacg","icims"
"careers-thefirstgroup","icims"
"careers-theshieldco","icims"
"careers-tradehome","icims"
"collegerecruitment-barrios","icims"
"craftprofessionalsmdde-allanmyers","icims"
"careers-bobsredmill","icims"
"uscareers-repairify","icims"
"careers-avisonyounguk","icims"
"careers-canfieldph","icims"
"careers-giraffe","icims"
"careersph-teleperformance","icims"
"misterkleen-harvard","icims"
"careers-baptisthealthal","icims"
"globalhub-amcor","icims"
"wholesale-drivers-harborfoods","icims"
"associatecareers-analysisgroup","icims"
"careers-chordsdp","icims"
"careers-demant","icims"
"careers-germany-expleo-jobs","icims"
"careers-nelsonmullins","icims"
"careers-quinngroup","icims"
"careers2-extensishr","icims"
"external-mountain-commonspirit","icims"
"materials-allanmyers","icims"
"shrss-seminole","icims"
"careers-acs","icims"
"careers-centrastate","icims"
"careers-clinellc","icims"
"miravistacourt-careers-fundltc","icims"
"careers-aprilhousing","icims"
"ddc-dine-careers","icims"
"carrieres-fr-promosapiens","icims"
"providers-phs","icims"
"careers-pioneermetal","icims"
"horizonspecialtyhosp-careers-fundltc","icims"
"ukdecareers-jaggaer","icims"
"careers-hwh-careringhealth","icims"
"careers-nusano","icims"
"hub-weareavidity","icims"
"midlandsbehavioralhealth-careers-fundltc","icims"
"careers-canalrivertrust","icims"
"careers-lhs","icims"
"careers-mynorthsidecareer","icims"
"careers-reliant-rehab","icims"
"de-truesociety","icims"
"globalcareers-atlassian","icims"
"hourlycareers-bowlerocorp","icims"
"staff-emory","icims"
"careers-bayfronthealth","icims"
"careers-churchmutual","icims"
"careers-hospiceofchattanooga","icims"
"careers-orspartners","icims"
"careers-transmed","icims"
"careers-usta","icims"
"externalhourly-highgate","icims"
"retail-brooks-sparcgroup","icims"
"careers-consoreng","icims"
"careers-titancement-serbia","icims"
"mcs-mastercorp","icims"
"careers-cmsgiveshope","icims"
"careers-hebrewseniorlife","icims"
"instructional-blackhawk","icims"
"upnorthspanish-poly-america","icims"
"careers-compsych","icims"
"careers-imgva","icims"
"careers-spanish-redcoats","icims"
"cz-lifescan","icims"
"expleo-jobs-be-en","icims"
"us-lifescan","icims"
"careers-kesslerrichmondhill","icims"
"careers-rivercree","icims"
"office-flaggerforce","icims"
"careers-carepointhealth","icims"
"careers-gatesair","icims"
"careers-jordanairinc","icims"
"careers-sercocanada","icims"
"careers-ssoe","icims"
"careersen-rdjbakeries","icims"
"hillsideheightsrehab-careers-fundltc","icims"
"jobs-noblis","icims"
"schoolsupportapply-scsk12","icims"
"careers-durst","icims"
"careers-jointcommission","icims"
"careers-wellnessinstitute","icims"
"radiantwaxing-wellbizbrands","icims"
"careers-midmich","icims"
"careers-oldnational","icims"
"careers-tsoln-inc","icims"
"careers-valuate","icims"
"salary-goldkeyphr","icims"
"careers-lbtransit","icims"
"careers-mortgage-cffc","icims"
"careers-oraucareers","icims"
"careersintl-hireright1","icims"
"brazilcareers-cabot","icims"
"careers-apolloretail","icims"
"fr-lifescan","icims"
"careers-brodersachse","icims"
"careers-novacore","icims"
"careers-penningtonslaw","icims"
"careers-us-shermco","icims"
"retail-shaneco","icims"
"careers-bdobelgium","icims"
"careers-bridgerpipeline","icims"
"careers-ironeaglex","icims"
"careers-libertymutual","icims"
"careers-msts","icims"
"careers-shrinersinternational","icims"
"careers-tireworks","icims"
"careers2-calspan","icims"
"driver-tech-casella","icims"
"careers-fairrite","icims"
"careers-inisoft","icims"
"en-careers-hovione","icims"
"external-firstsupply","icims"
"faculty-csuglobal","icims"
"healthplan-slhs","icims"
"mechanics-airmethods","icims"
"renewalrehab-et","icims"
"springdalehealthcarecenter-careers-fundltc","icims"
"careers-airpartner","icims"
"careers-beaconspecialized","icims"
"careers-gigretail","icims"
"careers-imasolutions","icims"
"careers-spathesystems","icims"
"careers-thorntonandgrooms","icims"
"eumecareers-lw","icims"
"careerportaln-vistacommunityclinic","icims"
"careers-allmed","icims"
"careers-rsc","icims"
"careers-mychildrenschoice","icims"
"careers-rvorthodontics-lightwavedental","icims"
"careers-gotyto","icims"
"unitedcareers-kirbycorp","icims"
"careers-athletico","icims"
"careers-chc","icims"
"careers-leftfieldlabs","icims"
"careers-morainepark","icims"
"careers-nomadfoods","icims"
"careers-patternenergy","icims"
"careers-synchronoss","icims"
"careers-thesydneycentre","icims"
"pavilionatcreekwood-careers-fundltc","icims"
"uscareers-idemia","icims"
"careers-daifuku-america","icims"
"careers-markon","icims"
"careers-tmh","icims"
"globalcareers-economist","icims"
"lakecityscrantonhc-careers-fundltc","icims"
"pilot-careers-airmethods","icims"
"careers-carehospice","icims"
"careers-damar","icims"
"careers-hawaiigas","icims"
"careers-liquidityservices","icims"
"uk-career-aitworldwide","icims"
"careers-americafirst","icims"
"careers-examworks","icims"
"careers-ncfe","icims"
"careers-trademarkmechanical","icims"
"careersusen-rehau","icims"
"uscareers-rws","icims"
"careers-arizonacollege","icims"
"developer-community","icims"
"finleyasphalt-paveamerica","icims"
"fugesummerstaff-lifeway","icims"
"jobs-metagenics","icims"
"careers-cooltoday","icims"
"careers-model1","icims"
"careers-ribc","icims"
"app-baycaremedicalgroup","icims"
"careers-aptiveresources","icims"
"careers-buildon","icims"
"careers-hcc-hqn","icims"
"careers-revolutioncompany","icims"
"careers-tsne","icims"
"careersen-lsuc","icims"
"renewables-skyclimber","icims"
"careers-somniainc","icims"
"beitzelcareers-beitzelpillar","icims"
"careers-aitworldwide","icims"
"careers-danis","icims"
"careers-theponcecc","icims"
"lightstreetspecialeducation-learnbehavioral","icims"
"careers-mrn","icims"
"careers-nuggetmarket","icims"
"distributioncenterandlogistics-lifeway","icims"
"interpathcareers-interpath","icims"
"nwa-runway","icims"
"internal-gnapartners","icims"
"aus-truesociety","icims"
"careers-arrowtransportation","icims"
"careers-bncollege","icims"
"careers-cnhind","icims"
"careers-nahealth","icims"
"careers-sonalysts","icims"
"careers-viseriongrain","icims"
"city-boston","icims"
"clients-eidebailly","icims"
"earlycareers-penningtonslaw","icims"
"faithhealthcentersnf-careers-fundltc","icims"
"jobs-nffinc","icims"
"berlinnursingandrehab-careers-fundltc","icims"
"careers-titancement-albania","icims"
"careers2-knipper","icims"
"pppl-princeton","icims"
"professional-charah","icims"
"careers-midwestexpressclinic","icims"
"enginesystems-kirbycorp","icims"
"careers-ideagenen","icims"
"crimsonheights-careers-fundltc","icims"
"financialservicescareers-gnfs","icims"
"ukcareers-mcguirewoods","icims"
"spdecareers-jaggaer","icims"
"turkey-careers-aitworldwide","icims"
"wiltshirefarmfoods-apetito","icims"
"caicareers-mastec","icims"
"careers-basebandusa","icims"
"asiacareers-celanese","icims"
"careers-bluesprigpediatrics","icims"
"careers-peraton","icims"
"careers-prg","icims"
"careers-robertson","icims"
"careers-xla","icims"
"jobs-noodles","icims"
"jobs-snyder-associates","icims"
"weioffice-foundation","icims"
"careers-jandahvac","icims"
"careersca-transcat","icims"
"epsilon-publicisgroupe","icims"
"careers-adspipe","icims"
"careers-marshmmamidwest","icims"
"careers-suzy","icims"
"careers-castaliasystems","icims"
"careers-sitechnortheast","icims"
"hallmarkhealthcarecenter-careers-fundltc","icims"
"northamptonnursingandrehab-careers-fundltc","icims"
"sprehab-et","icims"
"careers-canada-cecoenviro","icims"
"careers-chn-cecoenviro","icims"
"careers-integrityhomesolutions","icims"
"campus-libertymutual","icims"
"careers-wow","icims"
"careers-flixmedia","icims"
"careers-kemmerer","icims"
"careers-nextechna","icims"
"careers-preshomes","icims"
"careers-risingground","icims"
"careers-tradeuppacificregion","icims"
"careers-uabmedicine","icims"
"hourly-canada-redlobster","icims"
"main-princeton","icims"
"careers-loancareservicing","icims"
"careers-reisystems","icims"
"careers-sarh","icims"
"careers-wmich","icims"
"careers-ammechanical","icims"
"careers-mydental","icims"
"careers-ieedu","icims"
"losarcoscarecenter-careers-fundltc","icims"
"onboarding-envoyair","icims"
"corporatecareers-arraybc","icims"
"careers-fecrwy","icims"
"ecrcareers-cooperparry","icims"
"uscareers-tenerity","icims"
"careers-bartwest","icims"
"careers-busybeeschildcare","icims"
"careers-grizzlies","icims"
"careers-herbein","icims"
"careers-woolpert","icims"
"corporate-redlobster","icims"
"eps-careers-epsii","icims"
"expleo-jobs-fr-fr","icims"
"facultycareers-ohsu","icims"
"germancareers-bruker","icims"
"jobs-fmglobal","icims"
"marketplace","icims"
"stewartstevenson-kirbycorp","icims"
"careersen-sircorp","icims"
"internandentrylevel-opportunities-cohenco","icims"
"pfizerstatistics-internprogram-atriumworks","icims"
"careers-bakerbrothersplumbing","icims"
"careers-guelph","icims"
"careers-noodles","icims"
"htccareers-touro","icims"
"intern-toyota-europe","icims"
"minnesotaresettlementcorps-ampact","icims"
"richmondva-allanmyers","icims"
"careers-lowcountrypt","icims"
"careers-daytonfreight","icims"
"careers-wwclyde","icims"
"datawatchsystemscareers-redcoats","icims"
"ltc-ccsww","icims"
"magnoliamanorgreenville-careers-fundltc","icims"
"canada-appliedsystems","icims"
"careers-breakthrubev","icims"
"careers-kemin","icims"
"careers-medsource","icims"
"careers-pvm","icims"
"shanghai-nyu","icims"
"stirlingdynamics-jobs-expleo","icims"
"teachers-ocps","icims"
"careers-crawco","icims"
"careers-thebrick","icims"
"careers-transcare","icims"
"thefirstcollection-thefirstgroup","icims"
"arc-2wglobal","icims"
"asphaltsealandrepair-paveamerica","icims"
"gigroupholding-gigroup","icims"
"jobs-orgill","icims"
"careers-lindstromair","icims"
"salescareers-westernsouthern","icims"
"ca-fr-lifescan","icims"
"careers-gmaarchitects","icims"
"careers-coteelectric","icims"
"careers-emea-sazerac","icims"
"careers-usptm","icims"
"careers-bluehawk","icims"
"careers-feddata","icims"
"careers-publiccounsel","icims"
"careers-rmrgroup","icims"
"careers-umms","icims"
"community","icims"
"jobs-mkpcap","icims"
"jobs-placeme","icims"
"warehouse-ryder","icims"
"careers-cwsglobal","icims"
"careers-morganplc","icims"
"careers-parkhill","icims"
"montrealtankwashe-trimac","icims"
"usjobs-mayerbrown","icims"
"careers-janxntd","icims"
"careers-mes","icims"
"careers-woodlandgrovehrc","icims"
"villahavenhealth-careers-fundltc","icims"
"careers-isc2","icims"
"careers-mec","icims"
"careers-niterra","icims"
"jobs-middlesexsavings","icims"
"careers-ccsww","icims"
"careers-omegatechserv","icims"
"careers-renfrowhvac","icims"
"apac-careers-insmed","icims"
"careers-audtalent","icims"
"careers-bohlereng","icims"
"careers-kcaservices","icims"
"careers-mtlcraft","icims"
"careers-res","icims"
"careers-turn5","icims"
"careers-uoflhealth","icims"
"careers-uwmcareers","icims"
"india-careers-buspatrol","icims"
"uscareers-goldmansachs","icims"
"careers-northwoodtechnicalcollege","icims"
"careers-scsengineers","icims"
"careers-tradersinsurance","icims"
"careers-upbring","icims"
"careersnl-fednot","icims"
"careers-tistatech","icims"
"careers-betterhealthgroup","icims"
"de-lifescan","icims"
"careers-buildingandearth","icims"
"careers-christiancare","icims"
"careers-coraltreehospitality","icims"
"careers-expressivebeginningschildcare","icims"
"careers-here","icims"
"careers-werfen","icims"
"careers2-teamschostak","icims"
"europe-geosyntec","icims"
"external-nationwidechildrens","icims"
"indiacareers-avispl","icims"
"jobs-americanvisionpartners","icims"
"jobs-archcare","icims"
"lslcareers-lslps","icims"
"careers-aci","icims"
"careers-dreeshomes","icims"
"careers-ompimail","icims"
"careers-sbec","icims"
"sasretail-uscareers","icims"
"behavioralconcepts-learnbehavioral","icims"
"careers-adelphiresearch","icims"
"careers-belterraandameristarsckc","icims"
"careers-oefederal","icims"
"careers-premierdentistpartners","icims"
"careers-rockwood","icims"
"careers-rovisysfederalsolutions","icims"
"frcareers-jaggaer","icims"
"physiopartners-thriveptpartners","icims"
"careers-grsm","icims"
"careers-whalenives","icims"
"anzcareers-delawarenorth","icims"
"careers-chimerix","icims"
"careers-livelmh","icims"
"careers-locaria","icims"
"careers-personifyhealth","icims"
"careers-supportuw","icims"
"careers-uhnjcareers","icims"
"careers-wcpss","icims"
"careers-zekelman","icims"
"careers-hsmsolutions","icims"
"careers-islehrc","icims"
"careers-ivcinc","icims"
"careers-mpi","icims"
"careers-psta","icims"
"cds-canada-careersfrench","icims"
"careers-ccmyersservice","icims"
"careers-diamondhealth","icims"
"careers-jacksoncasino","icims"
"careers-sifton","icims"
"resume-goldenstatefoods","icims"
"spcareers-noodles","icims"
"stores-eu-urbn","icims"
"careers-yptc","icims"
"careerseu-meridianbioscience","icims"
"careers-hospiceofflorida","icims"
"careers-realpagepms","icims"
"careers-usa-titanmaterials","icims"
"reedsrainscareers-lslps","icims"
"apac-blackhawknetwork","icims"
"careers-apexservicepartners","icims"
"careers-chumashcareers","icims"
"careers-fdmfieldservices","icims"
"careers-imperialdade","icims"
"careers-macalester","icims"
"careers-resortsac","icims"
"careers-vch","icims"
"careers-andersonairllc","icims"
"careers-boon","icims"
"careers-charliesproduce","icims"
"careers-inotiv","icims"
"careers-omrf","icims"
"careers-sus","icims"
"careers-wginc","icims"
"experienced-toyota-europe","icims"
"jobs-joslin","icims"
"careers-americanbuildsupply","icims"
"careers-cultec","icims"
"careers-nyu","icims"
"hospicecareers-halifax","icims"
"mypremiertherapy-tptp","icims"
"philippinescareers-arch","icims"
"globalcareers-ventrahealth","icims"
"pt-lifescan","icims"
"careers-jaggaer","icims"
"careers-skyclimber","icims"
"careers-bags","icims"
"careers-kci","icims"
"careers-pilgrimparking","icims"
"careers-southland","icims"
"careers-thinktogether","icims"
"careers-wellingtonsteele","icims"
"careersexp-andersentax","icims"
"frenchcanadiancareers-resonetics","icims"
"jobs-openskycs","icims"
"publiclabel-careers","icims"
"restaurantsupport-millersalehouse","icims"
"uscareers-avispl","icims"
"careers-assemblyeu","icims"
"careers-covenanteyes","icims"
"careers-fotlinc","icims"
"careers-geosyntec","icims"
"lancasterhealthcenter-careers-fundltc","icims"
"volunteer-crescenthospice","icims"
"careers-intrepidsolutions","icims"
"careers-lifelinccorp","icims"
"careers-powerschool","icims"
"careers-titanmachinery","icims"
"careers-anz-merlinentertainments","icims"
"internships-adlittle","icims"
"homelife-kphhealthcareservices","icims"
"careers-brookhavenhospice","icims"
"careers-catalystbrand","icims"
"volunteer-alphaomegahospice","icims"
"careers-tyndaleusa","icims"
"carrieres-izencia","icims"
"daymon-uscareers","icims"
"healthcareathomejobs-en","icims"
"careers-marinclinic","icims"
"careers-nassusa-epsii","icims"
"nationalalamo-erac","icims"
"savannahexternal-mobisalabamallc","icims"
"uscareers-oslrs","icims"
"careers-axaltacs","icims"
"careers-jamsadr","icims"
"careers-petrochoice","icims"
"provider-mountain-commonspirit","icims"
"uscareers-theradex","icims"
"bremondnursing-careers-fundltc","icims"
"career-realalloy","icims"
"careers-americanconsulting","icims"
"careers-daktronics","icims"
"publicheathcorps-ampact","icims"
"careers-jbw","icims"
"eventoperations-usta","icims"
"veterinarian-mvp","icims"
"careers-appliedfundamentals","icims"
"careers-beelineimage","icims"
"careers-freedassociates","icims"
"careers-international-realpagepms","icims"
"careers-lbusa","icims"
"careers-omnisource","icims"
"careers-assertiotx","icims"
"careers-benjaminmoore","icims"
"careers-grandbohemiancharlotte","icims"
"careers-peopletec","icims"
"careers-scatec","icims"
"careersus-teleperformance","icims"
"jobs-precisionsolutions","icims"
"seasonalmlb-headfirstcamps","icims"
"careers-mci2","icims"
"careers-navitus","icims"
"careers5-jacksonhealthcare","icims"
"idccareers-emea-idg","icims"
"pa-scottishgovernment","icims"
"careers-commonsecuritization","icims"
"careers-paratek","icims"
"restorerehabilitationcenter-careers-fundltc","icims"
"careers-amyx","icims"
"careers-cck","icims"
"ccssw-ccsww","icims"
"internationalcareers-compsych","icims"
"careers-abogadaalexandra","icims"
"careers-adelphivaluesproveuk","icims"
"careers-brightviewhealth","icims"
"careers-cachecreek","icims"
"careers-carollo","icims"
"careers-eqlipsetechnologies","icims"
"careers-liro","icims"
"careers-ptsolutions","icims"
"careers-superiorindustrialfire","icims"
"careers-unitek","icims"
"tendertouch-et","icims"
"careers-btd","icims"
"careers-cotiviti","icims"
"careers-mcics","icims"
"jobs-thalesdsi","icims"
"mobilityfit-tptp","icims"
"seasonalcareers-na-merlinentertainments","icims"
"careersfrca-teksystems","icims"
"careers-doublestarinc","icims"
"flyoverattractions-pursuitcollection","icims"
"highpointetherapy-tptp","icims"
"arbor-metals","icims"
"careers-berkleycaregroup","icims"
"careers-ntrepidcorp","icims"
"careers-sagehospitality","icims"
"careers-bancroft","icims"
"careers-cundall","icims"
"careers-groupsrecovertogether","icims"
"careers-heart","icims"
"careers-rare","icims"
"hourlycareers-vitro","icims"
"tuccareers-touro","icims"
"careers-aurora-group","icims"
"careers-french-expleo-jobs","icims"
"careers-lvccld","icims"
"careers-mpowerpractice","icims"
"homeoffice-na-urbn","icims"
"jobs-kennedykrieger","icims"
"careers-clowvalve","icims"
"careers-silverstoneliving","icims"
"careers-tutera","icims"
"hourly-nationalbeef","icims"
"careers-mdvip","icims"
"careers-sherlockair","icims"
"frenchcareers-globalexcel","icims"
"resume-chesterton","icims"
"apaccareers-cecoenviro","icims"
"careers-fdcorpcan","icims"
"career-celanese","icims"
"careers-bannerlife","icims"
"careers-bassuw","icims"
"careers-catawba-ymca","icims"
"careers-kaizenauto","icims"
"careers-navitas","icims"
"careers-roadrunner","icims"
"careers-southernairms","icims"
"1stheritage-curo","icims"
"artemisarc-aptiveresources","icims"
"careers-nipponexpress","icims"
"careers-plannedparenthood","icims"
"careers-westernsouthern","icims"
"clubcareers-planetfitness","icims"
"harmonmedicalrehab-careers-fundltc","icims"
"uscareers2-asm","icims"
"careers-familysolutions","icims"
"careers-metroairmn","icims"
"careers-pharmaca","icims"
"careers-sparinc","icims"
"careers-usesalvationarmy","icims"
"us-careers-rhoworld","icims"
"careers-mgproperties","icims"
"careers-rpoustinc","icims"
"climatecorps-ampact","icims"
"careers-biocarbonsolutions","icims"
"careers-mahaskahealth","icims"
"careers-overseashaus","icims"
"intl-eng-lifescan","icims"
"bennettsvillehrc-careers-fundltc","icims"
"careers-legacyinc","icims"
"globalcareers-htcvive","icims"
"rsacareers-msci","icims"
"australia-kleinfelder","icims"
"careers-alliantcreditunion","icims"
"careers-grandbohemianorlando","icims"
"careers-kahlerhospitalitygroup","icims"
"careers-ricardo","icims"
"external-telecom-teldta","icims"
"internationaljobs-acdivoca","icims"
"jobs-fishercareers","icims"
"campus-americas","icims"
"careers-concoracredit","icims"
"careers-libertycompaniesllc","icims"
"careers-futamura","icims"
"careers-lamprynearson","icims"
"jobs-vettechstudents","icims"
"careers-briteboxelectrical","icims"
"careers-dawnmeats","icims"
"careers-htceurope","icims"
"careers-midwestupic","icims"
"careers-mpisystems","icims"
"careers-peterscreekfamilydentistry-lightwavedental","icims"
"careers-qinetiqus","icims"
"external-careers-sodexomagic","icims"
"jobs-efco","icims"
"emeacareers-cecoenviro","icims"
"ingallsexternal-ucm","icims"
"careers-aec","icims"
"careers-berryglobal","icims"
"careers-brampton","icims"
"careers-headlandsresearch","icims"
"careers-heihotels","icims"
"careers-orientaltrading","icims"
"careers-secretariat-intl","icims"
"careers-transcat","icims"
"careers-vioc","icims"
"careers-vnahg","icims"
"external-canoncareers","icims"
"volunteers-jerseystem","icims"
"careers-banyanglobal","icims"
"external-generalrv","icims"
"careers-boothes","icims"
"careers-hearthhospice","icims"
"careers-riyadhair","icims"
"careers-stonbury","icims"
"storecareers-palmbeachtan","icims"
"jobs-tac-eng","icims"
"careers-kdvlaw","icims"
"frontoffice-officemanager-decadental","icims"
"careers-aarding-cecoenviro","icims"
"careers-hightideinc","icims"
"careers-shamrockenviro","icims"
"carrieres-marvesting","icims"
"spanishtrailsrehabilitation-careers-fundltc","icims"
"apply-servicon","icims"
"careers-accoy","icims"
"careers-poet","icims"
"part-time-ymcanj","icims"
"reachire-directhire","icims"
"careers-act","icims"
"careers-hakimgroup","icims"
"careers-intrepidusa","icims"
"element-ext-row","icims"
"uscareers-lewisenergy","icims"
"careers-daugherty","icims"
"careers-precisiontoday","icims"
"careers-appleairli","icims"
"careers-sms","icims"
"pkspaving-paveamerica","icims"
"careers-englewood","icims"
"careers-integreon","icims"
"careers-manolani","icims"
"carrieres-sos-kd","icims"
"careers-knaufinsulation","icims"
"careers-lighthousehospice","icims"
"careers-space42","icims"
"careers8-oremorautomotive","icims"
"gt-omniinteractions","icims"
"internationalcareers-atlasair","icims"
"jobs-lg-tek","icims"
"physicians-baycaremedicalgroup","icims"
"prwcspartanburg-careers-fundltc","icims"
"careers-cadence-education","icims"
"careers-copperwoodseniorliving","icims"
"careers-dendreon","icims"
"careers-goodguys","icims"
"careers-hepburnandsons","icims"
"careers-makingspace","icims"
"incareers-cfins","icims"
"jobs-barnard-inc","icims"
"administrators-ocps","icims"
"careers-chai","icims"
"careers-commonwealthdentalclinic","icims"
"careers-hpmedcenter","icims"
"careers-taylorguitars","icims"
"expleo-jobs-ch-en","icims"
"ideasglobal-sas","icims"
"taicareers-sbec","icims"
"careers-kor-cecoenviro","icims"
"careers-truesociety","icims"
"onspire-puzzlehr","icims"
"americanbancsharesmortgage-puzzlehr","icims"
"careers-abacusplumbing","icims"
"careers-alcami","icims"
"careers-artemisgoldinc","icims"
"careers-edennisacinc","icims"
"careers-haart","icims"
"careers-mci","icims"
"careers-oneilluminate","icims"
"careers-usph","icims"
"frontline-ghgkz","icims"
"jobs-express","icims"
"professionals-bordendairy","icims"
"volunteer-legacyhospice","icims"
"careers-gastoniafamilydentistry-lightwavedental","icims"
"careers-mlaglobal","icims"
"jobs-waiward","icims"
"careers-austintexasems","icims"
"careers-hockersplumbing","icims"
"french-canadian-gd-ots","icims"
"hcr-kmco","icims"
"instructional-scsk12","icims"
"wwhscareers-medicalsolutions","icims"
"careers15-oremorautomotive","icims"
"careers-joeris","icims"
"careers-aidshealth","icims"
"careers-cvtc","icims"
"careers-eyesouthpartners","icims"
"careers-mesasprings","icims"
"careers-steeldynamics","icims"
"careers-vnatc","icims"
"careers2-imagefirst","icims"
"internationalcareers-globalcommunities","icims"
"lakeemorypostacutecare-careers-fundltc","icims"
"nymccareers-touro","icims"
"provider-lhs","icims"
"careers-americangolf","icims"
"careers-gd-electricboat","icims"
"careers-haztekinc","icims"
"careers-natdcp","icims"
"carrieres-axionefrance","icims"
"careers-dnv","icims"
"careers-ipipeline","icims"
"careers-museumca","icims"
"careers-orau","icims"
"careersen-victoria","icims"
"careers7-oremorautomotive","icims"
"interns-heb","icims"
"careers-bazooka","icims"
"careers-redscout","icims"
"expleo-jobs-es-en","icims"
"careers-admere","icims"
"careers-altorfer","icims"
"careers-bmj","icims"
"careers-cellularsales","icims"
"careers-edf-re","icims"
"careers-emerus","icims"
"careers-senecafoa","icims"
"careers-silvi","icims"
"careers-simpsonhousing","icims"
"careers-youthvillages","icims"
"external-gerhards","icims"
"healthcareathomejobs-fr","icims"
"careers-crm","icims"
"careers-happydentistry","icims"
"careers-plumblineservices","icims"
"careers-tritonair","icims"
"careers-wellbeseniormedical","icims"
"careersen-trilliumhealthpartners","icims"
"costarica-bridgestone","icims"
"juliamanornursingandrehab-careers-fundltc","icims"
"pktechcareers-ibex","icims"
"careers-alphaomegahospice","icims"
"careers-calltheb","icims"
"careers-eightyeightoil","icims"
"careers-mgocpa","icims"
"careers-multiview","icims"
"careers-skyepoint","icims"
"careers-tecequipment","icims"
"careers-tntservicegroup","icims"
"hrhcsacramento-hardrock","icims"
"careers-actalentservices","icims"
"careers-stratascale","icims"
"ddbhealthgermany-omnicomhealthgroup","icims"
"frcanadacareers-shriners","icims"
"careers-jarboes","icims"
"careers-pepperpointe","icims"
"external-cbha","icims"
"careers-allspringglobal","icims"
"careers-vantageairportgroup","icims"
"careers-buffalojeans","icims"
"careers-ccwestmi","icims"
"careers-ddn","icims"
"careers-rocksprings","icims"
"careers-stifel","icims"
"jobs-legrand","icims"
"student-svp","icims"
"careers-cascadesdental-lightwavedental","icims"
"careers-driveshack","icims"
"careers-hawthornecat","icims"
"recrute1-carrefour","icims"
"careers-baycenter","icims"
"careers-mpsw","icims"
"careers-parker","icims"
"careers-pennentertainment","icims"
"careers-beyondsoft","icims"
"careers-hankooktire","icims"
"careers-pti","icims"
"corporate-blueriverpetcare","icims"
"rubberinc-puzzlehr","icims"
"careers-feeltheadvantage","icims"
"careers-girlscouts","icims"
"asia-associatecareers-lw","icims"
"careers-kaihonua","icims"
"careers-kelleykronenberg","icims"
"careers2-ompimail","icims"
"careers-adelphigroup","icims"
"careers-affiniuscapital","icims"
"careers-allegisgroup","icims"
"careers-casella","icims"
"careers-covenanthealth","icims"
"careers-cvrd","icims"
"careers-goodshepherdhospice","icims"
"careers-heartlandvetpartners","icims"
"careers-methodisthospitals","icims"
"careers-tbwaworldhealth","icims"
"karriere-prodwaredag","icims"
"newprocareers-renovo","icims"
"careers-arch","icims"
"careers-bocusa","icims"
"careers-ermcoeci","icims"
"careers-foley","icims"
"careers-ovguk","icims"
"lasbrisasrehabsuites-careers-fundltc","icims"
"careers-curtislumber","icims"
"careers-hospiceofthesouthcoast","icims"
"careers-jeffsauto","icims"
"jobs-b3h","icims"
"mdcareers-livech","icims"
"bluecurbllc-paveamerica","icims"
"careers-brightonhospice","icims"
"careersfr-buffalojeans","icims"
"frcareers-thebrick","icims"
"careers-zierick","icims"
"careersen-maple","icims"
"chinacareers-cabot","icims"
"jobs1-donohoe","icims"
"ukjobs-mayerbrown","icims"
"careers-carenethealthcare","icims"
"careers-consilio-lod","icims"
"careers-fr-soitec","icims"
"careers-geoyeti","icims"
"careers-llajobs","icims"
"careers-lordabbett","icims"
"careers-rovisysbuildingtechnologies","icims"
"careers-softtechconsulting","icims"
"careers-xpressglobalsystems","icims"
"floridadetroitdieselallison-kirbycorp","icims"
"internationalcareers-idinsight","icims"
"portuguese-stonex","icims"
"c1-india","icims"
"career-goldbeltshareholder","icims"
"careers-application-racker","icims"
"careers-cascade-management","icims"
"careers2-blanchard","icims"
"heartland-forward","icims"
"admcareers-redcoats","icims"
"careers-eaglepicher","icims"
"careers-houstonmethodist","icims"
"playerexperience-usta","icims"
"careers-isaca","icims"
"field-hourlycareers-luckystrikeentertainment","icims"
"application-oneblood","icims"
"careers-americanfoodsgroup","icims"
"careers-audacy","icims"
"careers-nasco","icims"
"careers-roadrunnersports","icims"
"careers-sevenhills","icims"
"careers-talentcollab","icims"
"careers-uk-merlinentertainments","icims"
"f2fcareers-msf","icims"
"hourly-greatdane","icims"
"skilledcraft-walshgroup","icims"
"team","icims"
"uscareers-waters","icims"
"adprocessequipment-gray","icims"
"careers-ctifoods","icims"
"careers-eutaw","icims"
"careers-feathersoundcc","icims"
"careers-nsminc","icims"
"careers-suffolkconstruction","icims"
"careers5-calamp","icims"
"jobs-jhpiego","icims"
"nursing-lhs","icims"
"careers-aptar","icims"
"careers-hearinglife","icims"
"employment-carollo","icims"
"careers-palmerdonavin","icims"
"careers-wolfandco","icims"
"jobs-iamempowered","icims"
"bluecrane-runway","icims"
"careers-bned","icims"
"careers-mitchell1-snapon","icims"
"careers-peakcellars","icims"
"careersenus-fgfbrands","icims"
"canadacareers-acuren","icims"
"careers-ars","icims"
"careers-nexgen","icims"
"careers-pdh","icims"
"careers-sscgp","icims"
"internal-knowledgeservices","icims"
"southeasttoyotacareers-jmfamily","icims"
"alleganynursingandrehab-careers-fundltc","icims"
"careers-aegisliving","icims"
"careers-amllc","icims"
"careers-johannafoods","icims"
"careers-pctedu","icims"
"carrieresfr-wonderbrands","icims"
"ddbremedy-omnicomhealthgroup","icims"
"resortcareers-littlegemresorts","icims"
"careers-hayward","icims"
"careers-sscg","icims"
"careers-undergroundconstruction","icims"
"davistate-careers-lslps","icims"
"careers-islandmechanicalgroup","icims"
"aucareers-jaggaer","icims"
"careers-wheelsup","icims"
"careers-ehhi","icims"
"careers-mjengineers","icims"
"cae-erac","icims"
"careers-epeconsulting","icims"
"careers-ql","icims"
"careers-sos-kd","icims"
"careers-stonex","icims"
"careers-tmo","icims"
"futureoppen-maple","icims"
"impactphysicaltherapy-tptp","icims"
"oakbrookhealthcenter-careers-fundltc","icims"
"tcnycareers-touro","icims"
"trades-nacg","icims"
"careers-2cworkforcesolutions","icims"
"careers-centricbrands","icims"
"careers-dentairconditioning","icims"
"careers-shottenkirk","icims"
"careers-thedeltacompanies","icims"
"careers-shimmick","icims"
"driver-qualitycustomdistribution","icims"
"jobs-chainelectric","icims"
"careers-americancreditacceptance","icims"
"careers-essc","icims"
"careers-polkcountysheriffsoffice","icims"
"careers-wilhelm","icims"
"careers-decisionpointcorp","icims"
"careers-discountplumbingrooterinc","icims"
"careers-granicus","icims"
"homeoffice-dickblick","icims"
"intern-pplweb","icims"
"internal-instructional-scsk12","icims"
"careers-flanigans","icims"
"careers-formotiv","icims"
"careers-healthedge","icims"
"careers-insmed","icims"
"careers-jocogov","icims"
"careers-peoplepremier","icims"
"carrieres-impactfieldmarketinggroup","icims"
"creelightingcareers-idealindustries","icims"
"fieldprint-verticalscreen","icims"
"indiacareers-symplr","icims"
"magnoliamanorspartanburg-careers-fundltc","icims"
"careers-chcbrazil","icims"
"careers-propark","icims"
"careers14-oremorautomotive","icims"
"externalmanager-omnihotels","icims"
"full-time-ymcanj","icims"
"staff-cua","icims"
"bigbolt-puzzlehr","icims"
"careers-abacustech","icims"
"careers-criterion-sys","icims"
"careers-mccurrach","icims"
"careers-pickettusa","icims"
"sanjac-kirbycorp","icims"
"careers-aspirationscare","icims"
"careers-waxie","icims"
"tds-careers","icims"
"careers-canada-shermco","icims"
"careers-ccr-cz","icims"
"careers-frankgayresidential","icims"
"careers-4s","icims"
"careers-randgroup","icims"
"learningexperiences-bassett","icims"
"careers-homesteadhc","icims"
"careers-morrisonheatingandair","icims"
"careers-setonchildrens","icims"
"careers-spa","icims"
"careers-tohaas","icims"
"careers-uhy-us","icims"
"careers-us-secure","icims"
"careers-valorvip","icims"
"careers-villahrc","icims"
"careersapply-pennentertainment","icims"
"clinical-pediatrix","icims"
"fpg-smh","icims"
"montrealtankwashf-trimac","icims"
"rehabilitationcentercheraw-careers-fundltc","icims"
"uscareershub-fujifilm","icims"
"careers-fhp","icims"
"careers-marathonfund","icims"
"careers-viapath","icims"
"employment-mackenziehealth","icims"
"external-staff-nevadahealthcenters","icims"
"hourly-careers-waterway","icims"
"jobs-kobrandwineandspirits","icims"
"careers-ntpc","icims"
"careers-dickeys","icims"
"careers-heli-one","icims"
"careers-tateboys","icims"
"careers-kilpatricktownsend","icims"
"careers-emcorgroup","icims"
"italycareers-wd40company","icims"
"jobs-vnsfederalservices","icims"
"allstar-puzzlehr","icims"
"careers-gdbiw","icims"
"careers-sundevil","icims"
"collegeparkrehabc-careers-fundltc","icims"
"dentalassistant-hygienist-decadental","icims"
"careers-connectionshs","icims"
"careers-liveonny","icims"
"intl-careers-verathon","icims"
"oaklandnursingandrehab-careers-fundltc","icims"
"careers-campusapts","icims"
"careers-flatwater-group","icims"
"careers-swissport","icims"
"eu-truesociety","icims"
"retailus-eddiebauer-sparcgroup","icims"
"uscareers-bruker","icims"
"company-hardrock","icims"
"1stheritage-attainfinance","icims"
"careers-arcticairav","icims"
"careers-wuxichemistry","icims"
"careers-fhccgla","icims"
"careers-pulice","icims"
"careers-truemedia","icims"
"in-careers-seismic","icims"
"joesairportparking-tlrgc","icims"
"careers-bhshealth","icims"
"careers-cordobacorp","icims"
"careers-eastpennmanufacturing","icims"
"careers-mtfbiologics","icims"
"careers-rocketpharma","icims"
"careers-sercous","icims"
"careers-zenimax","icims"
"cretexmedicalcdt-cretex","icims"
"crew-jkmoving","icims"
"dentalcareers-mb2dental","icims"
"sterlingoaksrehab-careers-fundltc","icims"
"uscareers-asm","icims"
"careers-columbuszoo","icims"
"careers-edgewaterit","icims"
"careers-shurtape","icims"
"careers-sunpro","icims"
"escareers-campero","icims"
"faculty-childrensmercykc","icims"
"fr-careers-novelis","icims"
"careers-excerptamedica","icims"
"careers-frost","icims"
"dfr-knowledgeservices","icims"
"metroautoparks-tlrgc","icims"
"plmpaving-paveamerica","icims"
"careers-transcend-cecoenviro","icims"
"careers-wipfliindia","icims"
"careers-didiglobal","icims"
"cca-ccsww","icims"
"eume-associatecareers-lw","icims"
"careers-bergelectric","icims"
"careers-fastenterprises","icims"
"careers-wuxiapptec","icims"
"hrhcbristol-hardrock","icims"
"it-careers-novelis","icims"
"jobs-cedarfair","icims"
"non-clinical-pediatrix","icims"
"reborncareers-renovo","icims"
"careers-americanseniorbenefits","icims"
"careers-carltonshoreshrc","icims"
"careers-myacuity","icims"
"careers-veic","icims"
"idccareers-canada-idg","icims"
"uk-erac","icims"
"careers-360care","icims"
"careers-campero","icims"
"careers-watermanusa","icims"
"recovery-ampact","icims"
"careers-alliedconsultants","icims"
"careersatsea-starboardcruise","icims"
"carrieres-mutuelledesmotards","icims"
"idccareers-apac-idg","icims"
"volunteer-hospiceofthewest","icims"
"careers-els-daifuku","icims"
"careers-uci","icims"
"consultant-creative","icims"
"iwtcareers-ads-pipe","icims"
"admiralsecuritycareers-redcoats","icims"
"careers-hga","icims"
"careers-mcel","icims"
"careers-noven","icims"
"de-emeacareers-trinseo","icims"
"abudhabi-nyu","icims"
"careers-muckleshootgov","icims"
"careers-proflohvac","icims"
"careers-riversideresearch","icims"
"careers-canada-secure","icims"
"careers-jordans-furniture","icims"
"jobs2-spectrumhealthcare","icims"
"careers-ecowateraz","icims"
"careers-maxhome","icims"
"jobseng-mastercorp","icims"
"careers-idirect","icims"
"careers-oakhilladvisors","icims"
"dimatixcareers-fujifilm","icims"
"careers-ideagenus","icims"
"careers-vinfen","icims"
"townandcountry-coraltreehospitality","icims"
"careers-amtrustgroup","icims"
"careers-goldbeltfacilitysupportservices","icims"
"careers-newmillennium","icims"
"careers-plslogistics","icims"
"careers-svh","icims"
"warehouse-natdcp","icims"
"bridgecrestsuites-careers-fundltc","icims"
"careers-aegeus","icims"
"careers-cf","icims"
"careers-economist","icims"
"careers-fhfurr","icims"
"careers-harborfoods","icims"
"careers-lir","icims"
"careers-loretto2","icims"
"careers-scires","icims"
"careersesp-installed","icims"
"futurecareers-peopletec","icims"
"italy-careers-aitworldwide","icims"
"prioritiesaba-learnbehavioral","icims"
"seg-goauto","icims"
"careers-hines","icims"
"element-ext-ger","icims"
"careers-hirevelocity","icims"
"careers-pines-ymca","icims"
"empleos-condadocollection","icims"
"plant-amys","icims"
"careers-tenderrose","icims"
"jmp-sas","icims"
"morannursingandrehab-careers-fundltc","icims"
"careers-fourcorners","icims"
"careers-westcook-ymca","icims"
"careersus-endologix","icims"
"jobs-retailactive","icims"
"adaugeocareers-interpath","icims"
"atlanticdetroitdieselallison-kirbycorp","icims"
"careers-homecareassistance","icims"
"careers-kleinfelder","icims"
"careers-monarchblackhawk","icims"
"careers-spscommerce","icims"
"careers-usa-cecoenviro","icims"
"corporate-nationalbeef","icims"
"global-creative","icims"
"careers-avosys","icims"
"careers-christensenlumber","icims"
"careers-realmanage","icims"
"careers-directlumberanddoor","icims"
"careers-lifescanhealth","icims"
"careers-morrisjenkins","icims"
"careers-southernop","icims"
"careers-vowd","icims"
"careersintern-us-itt-inc","icims"
"ptway-tptp","icims"
"uscareers-vantageairportgroup","icims"
"careers-garrisonvilledental-lightwavedental","icims"
"careers2-oremorautomotive","icims"
"careers-quartetseniorliving","icims"
"careers-healthpro-rehab","icims"
"careers-jsco","icims"
"careers-mercuryinsurance","icims"
"careers-mlssoccer","icims"
"careers-nl","icims"
"careers-psands","icims"
"careers-westwoodps","icims"
"external-flysfo","icims"
"hq-lifeway","icims"
"jobs-pawling","icims"
"careers-academyair","icims"
"careers-edmundoptics","icims"
"careers-atlanticaviation","icims"
"careers-bridgewater","icims"
"careers-legalworkspace","icims"
"careers-mindpathhealth","icims"
"careers-riverwoodsmanchester","icims"
"careersindia-libertymutual","icims"
"careersthailandpam-principal","icims"
"earlycareer-lumanity","icims"
"field-spanish-danos","icims"
"careers21-oremorautomotive","icims"
"external-switzerland-expleo","icims"
"staffcareers-bethel","icims"
"as-canada-careersfrench","icims"
"careers-bcore","icims"
"careers-brandesassociates","icims"
"careers-expleo-jobs","icims"
"careers-grandbohemiancharleston","icims"
"careers-sureway","icims"
"faculty-emory","icims"
"kphcareers-kphhealthcareservices","icims"
"madcitywindowscareers-titan","icims"
"brines-refrigeration","icims"
"careers-iccu","icims"
"careers-rowlandair","icims"
"jobs-wellbizbrands","icims"
"trellis-learnbehavioral","icims"
"apacjobs-mayerbrown","icims"
"careers-avconinc","icims"
"careers-latticesemi","icims"
"careers-pragermetis","icims"
"careers-sklifescienceinc","icims"
"careers-tighitco","icims"
"frontline-careers-questdiagnostics","icims"
"phlcareers-livech","icims"
"volunteer-holisticarehospice","icims"
"careers-arcocanada","icims"
"careers-buckinghamcompanies","icims"
"careers-sil","icims"
"rose-reidhealth","icims"
"careers-cfsny","icims"
"careers-globalexcel","icims"
"professional-mohawk","icims"
"careers-containerstore","icims"
"careers-granerx","icims"
"careers-piercegroupbenefits","icims"
"careers-technicacorp","icims"
"careers-thewgroupmgmt","icims"
"jobs-challp","icims"
"careers-exlservice","icims"
"careers-thekeycan","icims"
"dutch-external-prodwaredag","icims"
"part-timeemployment-lccc","icims"
"partners-damar","icims"
"careers-daughterlycompanions","icims"
"careers-greatdane","icims"
"careers-legacyac","icims"
"careers-levelupllc","icims"
"uscareers-lumanity","icims"
"careers-endeavorair","icims"
"careers-logos","icims"
"careers-superioraluminumalloys","icims"
"careers-conciergenursing","icims"
"careers-eecruz","icims"
"careers-singapore-cecoenviro","icims"
"additional-janusintl","icims"
"careers-ca-kaizenauto","icims"
"careers-carecentrix","icims"
"corporatecareers-luckystrikeentertainment","icims"
"alliedhealth-beaumonthospital","icims"
"bowheadcareers-uicalaska","icims"
"careers-bergaila","icims"
"careers-cobank","icims"
"careers-communitymedical","icims"
"careers-hexagonpositioning","icims"
"careers-horizon","icims"
"careers-janusintl","icims"
"careers-logixbanking","icims"
"careers-mafint","icims"
"careers-postacute-affiliates","icims"
"careers-rodeodentaltexas","icims"
"careers-rsandh","icims"
"careers10-oremorautomotive","icims"
"careersfr-nordia","icims"
"external-fladarchitects","icims"
"uscareers-willkie","icims"
"careers-assemblyna","icims"
"careers-beehiveinsurance","icims"
"careers-sanmiguel","icims"
"element-ext-us","icims"
"external-modenacherrycreek","icims"
"jobs-choosememorial","icims"
"militaryjobs-mci","icims"
"austria-careers-aitworldwide","icims"
"careers-govcio","icims"
"internships-aei","icims"
"corporatecareers-bowlerocorp","icims"
"falconridgerehabsuites-careers-fundltc","icims"
"campus-corgan","icims"
"careers-pictsweet","icims"
"careers-rovisyseurope","icims"
"careers-wilson","icims"
"external-brandhouseco","icims"
"careers-ho-chunk","icims"
"careers-kurita","icims"
"careersfr-mackenzieinvestments","icims"
"eventshiring-spplus","icims"
"industrycareers-enercon","icims"
"rms-cretex","icims"
"careers-boudreaupipeline","icims"
"field-english-danos","icims"
"jobs-alpa","icims"
"scholarships-sci","icims"
"seasonalhf-headfirstcamps","icims"
"studentlife-lifeway","icims"
"braintrust-everwatchsolutions","icims"
"careers-ahrc","icims"
"careers-lan","icims"
"jobs-lichfields","icims"
"management-canada-redlobster","icims"
"careers-pioneerhvacmt","icims"
"career-portal-wolfandco","icims"
"careers-communityoutreach","icims"
"careers-tighebond","icims"
