"slug","board","ats"
"acehardware","External","workday"
"alterra","PalisadesTahoe","workday"
"hongrp","CDP","workday"
"stcharles","External","workday"
"tamus","AgriLife_Research_External","workday"
"tencent","Tencent_Careers","workday"
"clio","ClioCareerSite","workday"
"mangroupplc","Man_Group_Careers","workday"
"norconsult","Norconsult_Career_Site","workday"
"takeda","External","workday"
"alcoa","es","workday"
"allegion","Careers_CISA","workday"
"groundswell","groundswell","workday"
"repsol","Repsol","workday"
"soundcloud","SCC","workday"
"agiliti","Technicians","workday"
"flextronics","Hungary_Careers","workday"
"firstcentral","External","workday"
"soti","Careers","workday"
"irobot","irobot","workday"
"aes","AES_ElSalvador","workday"
"firststudent","firststudent","workday"
"tamus","TFS_External","workday"
"upshersmith","upshersmithcareers","workday"
"mercedesbenztechinnovation","MBTI_JOBPORTAL","workday"
"rappi","es","workday"
"nvidia","NVIDIAExternalCareerSite","workday"
"oceanspray","OceanSprayJobs","workday"
"oxford","TommyBahamaCanada","workday"
"tysonfoods","TSN","workday"
"agilonhealth","External","workday"
"nordic","Nordic","workday"
"acciona","ACCIONA_Employment_Channel","workday"
"aimia","aimia_career_site","workday"
"cloughgroup","Clough","workday"
"babson","Summer-Camps","workday"
"tomtom","TT_External_Careers","workday"
"earlywarning","earlywarningcareers","workday"
"prologis","Broadbean_CareerSite","workday"
"tysonfoods","TSN5","workday"
"gnw","GNW","workday"
"chg","US_External_Career_Site","workday"
"7eleven","7elevenv2","workday"
"gogo","careers","workday"
"boeing","DIV","workday"
"utampa","Staff","workday"
"fox","Domestic","workday"
"ghr","lateral-ba_continuum","workday"
"graybar","Careers","workday"
"justfab","savagex","workday"
"jcdecaux","ExternalSiteJCDUK","workday"
"deluxe","USA_CAN","workday"
"baincapital","External_Public","workday"
"troweprice","TRowePrice","workday"
"troweprice","TRowePriceInternational","workday"
"ambgroup","PGAT_SS","workday"
"iqvia","es","workday"
"htlf","Illinois-Bank-Careers","workday"
"acrisure","Acrisure","workday"
"cornell","CornellCareerPage","workday"
"maricopa","MCSO_External","workday"
"ncr","ext_non_us","workday"
"pfizer","InternalJobs","workday"
"mgpru","mandgprudential","workday"
"equifax","External","workday"
"kimberlyclark","EMEA","workday"
"kramp","Grenecareers","workday"
"lendlease","LendleaseCareers","workday"
"libertyglobal","VMIE_Careers","workday"
"amfam","American_Family_Insurance_Claims_Services_Private","workday"
"infrontsports","Infront_Global_Careers","workday"
"driscolls","driscolls","workday"
"geisinger","GeisingerExternal","workday"
"bydeluxe","Method_External","workday"
"oumedicine","OUMedicineCareers","workday"
"deloitteie","Experienced_Professionals","workday"
"sandvik","walter-jobs","workday"
"cerved","Cerved","workday"
"alterra","SnowshoeMountain","workday"
"fedex","FXE-US_External_Career_Site","workday"
"veritas","careers","workday"
"chtgroup","CHT-jobs","workday"
"fielmann","External","workday"
"montagehealth","Montage_Health","workday"
"bristow","Careers","workday"
"genmab","Genmab_Careers_Site","workday"
"gsma","External_Careers","workday"
"nytimes","News","workday"
"atd","American_Tire_Distributors","workday"
"childrensplace","TCP01","workday"
"fedex","FXE-EU_External","workday"
"nortonlifelock","careers","workday"
"lgtcp","lgtcpcurrentvacancies","workday"
"sandvik","seco-jobs","workday"
"datastax","DataStaxCareers","workday"
"logicalis","LogicalisCareers","workday"
"aes","es","workday"
"crhc","Concord_Careers","workday"
"evolent","External","workday"
"roberthalf","RobertHalfStaffingCareers","workday"
"ucf","CareerBuilderExternalSite","workday"
"loyensloeff","LL","workday"
"adobe","external_experienced","workday"
"bakerhughes","BakerHughes","workday"
"franklintempleton","Primary-External-1","workday"
"transamerica","US","workday"
"millerknoll","MillerKnoll","workday"
"awc","AWC_Career_Site","workday"
"imf","IMF","workday"
"mustangfuel","External","workday"
"boeing","WMB","workday"
"tamus","PVAMU_External","workday"
"zoll","ZOLLMedicalCorp","workday"
"fisker","Fisker_Careers","workday"
"pattersoncompanies","AHI","workday"
"pwc","global_experienced_careers","workday"
"my1060wd","Opportunity_Jobs","workday"
"aes","AES_BRAZIL","workday"
"dukeenergy","search","workday"
"kapsch","onestepahead-France","workday"
"volarisgroup","Metafile","workday"
"allina","External","workday"
"workday","Workday","workday"
"calistacorp","Calista","workday"
"emspmg","OFL_Careers","workday"
"pfizer","broadbean_external","workday"
"adient","External","workday"
"languageline","LLS_Careers","workday"
"simon","Simon","workday"
"rjet","External_Career_Site","workday"
"analogdevices","External","workday"
"flsmidth","FLS_Global","workday"
"calyx","Calyx","workday"
"w2o","RealChemistry","workday"
"leaseplan","es","workday"
"ccitc","Marathon_County_Careers","workday"
"roberthalf","RobertHalfCareers","workday"
"mckesson","CoverMyMeds_External_Careers","workday"
"mii","MiTek","workday"
"aviva","Aviva_Investors_External","workday"
"bhs","careers","workday"
"vai","VAICareers","workday"
"cae","Presagis","workday"
"draftkings","DraftKings","workday"
"nortonlifelock","university","workday"
"salvationarmy","salvos","workday"
"tal","TAL-current-opportunities","workday"
"bbby","bed_bath_beyond_jobs","workday"
"neustar","neustar-careers","workday"
"triumf","student-jobs","workday"
"harry","HRI","workday"
"sterling","Sterling","workday"
"nvidia","es","workday"
"caa","Careers","workday"
"cadence","External_Careers","workday"
"corespecialtyinsurance","Core_Specialty","workday"
"nxp","careers","workday"
"svha","broadbean_external","workday"
"brown","staff-careers-brown","workday"
"cree","EXT","workday"
"vmware","vmware","workday"
"ogmgroup","OddscheckerJobs","workday"
"pwc","Global_Strategyand_Careers","workday"
"nytimes","Tech","workday"
"bronsonhg","nursing","workday"
"spe","Sonypictures","workday"
"bcidaho","BCI","workday"
"pgatour","PGATOURExternal","workday"
"vfc","Timberland_EMEA_Careers","workday"
"airliquidehr","es","workday"
"essity","es","workday"
"westernunion","WesternUnionJobs","workday"
"babson","Staff","workday"
"clearwateranalytics","Clearwater_Analytics_Careers","workday"
"kmkp","Careers","workday"
"ringcentral","RingCentral_Careers","workday"
"agrana","Careers","workday"
"husqvarnagroup","External_Career_Site","workday"
"omers","OMERS_External","workday"
"pwc","Global_Experienced_Careers","workday"
"raiffeisen","jobs-raiffeisen","workday"
"citi","2","workday"
"expedia","search","workday"
"markelcorp","GlobalCareers","workday"
"morsco","Reece_Careers","workday"
"granite","careers","workday"
"wasteconnections","Careers","workday"
"agiliti","Careers","workday"
"bloomberg","Bloombergindustrygroup_External_Career_Site","workday"
"holmanautogroup","HolmanEnterprisesCareers","workday"
"osv-enterprise","EnterpriseBankTrust_Jobs","workday"
"chrobinson","CHRobinson","workday"
"citi","es","workday"
"swisslife","livit-ag-career-stellenboerse","workday"
"commvault","commvault","workday"
"vfc","icebreaker_careers","workday"
"bcbsaz","BCBSAZCareers","workday"
"chess","CHESS","workday"
"servicetitan","ServiceTitan","workday"
"thredup","thredup_Careers","workday"
"alliancewd","renault-group-careers","workday"
"transamerica","AUK_JobSite","workday"
"wgu","External","workday"
"harriscomputer","1","workday"
"ferro","ferrocareers","workday"
"cfindustries","careers","workday"
"biomarpeople","es","workday"
"intelcomgroup","Intelcom_FR","workday"
"akamerica","aka","workday"
"lowell","LowellGroup_Careers2","workday"
"vfc","Timberland_Retail_USCA_Careers","workday"
"hakkasangroup","External_Careers","workday"
"msmu","MSMU","workday"
"brambles","Brambles_Careers","workday"
"elkay","Elkay_External","workday"
"lbg","LBG_HigherApprenticeCareers","workday"
"denver","CCD-denver-denvergov-CSC_Jobs-Civil_service_jobs-Police_Jobs-Fire_Jobs","workday"
"wmg","WMGUS","workday"
"absa","NBC_Careers","workday"
"kapsch","onestepahead_Poland","workday"
"lego","LEGO_External","workday"
"relx","ReedExhibitions","workday"
"ingrammicro","IngramMicro","workday"
"meijer","meijer","workday"
"kengarff","External_Site","workday"
"sartorius","sartoriuscareers","workday"
"spectrumhealth","SpectrumHealthCareers","workday"
"scientificgames","ScientificGamesExternalCareers","workday"
"umusic","UMGAPAC","workday"
"alliantenergy","alliant","workday"
"alterra","JuneMountain","workday"
"forcepoint","external-careers","workday"
"claytonutz","Claytonutz1","workday"
"stellamccartney","SMCExternal","workday"
"fil","fidelitycanada","workday"
"talentmanagementsolution","JonasConstruction-DevelopmentandQualityAssurance-Careers","workday"
"belkin","Belkin_Careers","workday"
"msd","SearchJobs","workday"
"kering","SaintLaurent","workday"
"academyofartuniversity","Academy_of_Art","workday"
"gamestop","Store","workday"
"iherb","Careers","workday"
"stagecoach","External","workday"
"alsacstjude","careersalsacstjude","workday"
"bdx","EXTERNAL_CAREER_SITE_CHINA","workday"
"gallaudet","GUCareers","workday"
"tcsedsystem","TCSPP","workday"
"ing","ICSFRADIR","workday"
"unilever","Unilever_Experienced_Professionals","workday"
"amherst","Amherst_Jobs","workday"
"smucker","US_External_Careers","workday"
"illumina","illumina-careers","workday"
"colliers","Colliers-External-Career-Site","workday"
"talentmanagementsolution","EZFacilityUSA-Careers","workday"
"harbourvest","HVP","workday"
"itoinc","EnsonoUSA","workday"
"outrigger","OutriggerEnterprisesGroup","workday"
"enagas","es","workday"
"oumedicine","OUHealthCareers","workday"
"myview","SDM_Office","workday"
"aritzia","External","workday"
"rockefellergroup","Rockefeller","workday"
"amgen","Careers","workday"
"fedex","FXF-MEX-External","workday"
"kauffman","External","workday"
"sgico","sgi","workday"
"paper","Paper_Careers","workday"
"columbiasportswearcompany","es","workday"
"emspmg","EDI_careers","workday"
"pitneybowes","PBCareers","workday"
"aig","broadbean_external","workday"
"ruger","External","workday"
"wynd","External","workday"
"weareeverise","everiseCareers","workday"
"bestbuycanada","BestBuyCA_Career","workday"
"lifung","LiFung","workday"
"stark","Beijer-Karriaer","workday"
"abbott","Agency","workday"
"abaco","abacocareersuk","workday"
"jackson","Jackson_Careers","workday"
"jerrys","jerrysfoods","workday"
"travelhrportal","Jobs","workday"
"usbank","Elavon_Careers","workday"
"alliance","nissanjobs","workday"
"michelinhr","Michelin","workday"
"rollsroyce","Professional","workday"
"storaenso","Stora_Enso_site_opportunities","workday"
"marmon","Marmon_Careers","workday"
"nacoal","nacoal","workday"
"pewtrusts","TrustsExternal","workday"
"nreca","External","workday"
"ipsoft","Search","workday"
"cognex","es","workday"
"leaseplan","LeasePlanCareers","workday"
"cca","CCA","workday"
"humana","Broadbean","workday"
"vfc","Kipling_EMEA_Careers","workday"
"humana","Conviva_External_Career_Site","workday"
"workday","es","workday"
"dow","ExternalCareers","workday"
"ferguson","Talent_Communities","workday"
"velux","Velux_Residential","workday"
"chevron","es","workday"
"elevancehealth","carelonglobal_in","workday"
"wegmans","Wegmans","workday"
"ihsmarkit","Careers","workday"
"ramboll","Unsolicited_Careers","workday"
"outfrontmedia","outfrontmedia","workday"
"spe","SPE2","workday"
"goldenagri","SMART_Careers","workday"
"arrow","ec","workday"
"aaamidatlantic","External_Career_ASE","workday"
"wholefoods","wholefoodsuk","workday"
"bdx","EXTERNAL_CAREER_SITE_INDIA","workday"
"isu","IowaStateJobs","workday"
"martin","MPHC","workday"
"mastercard","corporatecareers","workday"
"son","NebraskaStateCareers","workday"
"teladoc","teladochealth_is_hiring","workday"
"tsys","HeartlandCareers","workday"
"bumble","Bumble_Careers","workday"
"swarovski","swarovski","workday"
"techem","TechemCareer","workday"
"volarisgroup","Volaris","workday"
"agilent","es","workday"
"hendrick","HendrickCareers","workday"
"qantas","Jetstar_Japan_Careers","workday"
"gafsgi","BMIDE","workday"
"awg","broadbean_external","workday"
"ledcor","Ledcor_External","workday"
"chemours","chemours","workday"
"zoom","Zoom","workday"
"signetjewelers","SignetCorporateCareers","workday"
"sec","es","workday"
"acxiomllc","AcxiomPOL","workday"
"horizonmedia","Intern","workday"
"aristocrat","aristocratexternalcareerssite","workday"
"nike","nke","workday"
"tiaa","Search","workday"
"aliaxis","SilverLinePlastics","workday"
"centrica","Centrica","workday"
"pwc","NonPublic_Postings","workday"
"ascenaretail","us_distribution_center","workday"
"hntb","HNTB_University_Careers","workday"
"northwesternmutual","CORPORATE-CAREERS-PRIVATE","workday"
"reliaquest","ReliaQuest_Careers","workday"
"dtn","DTN_Careers","workday"
"wfu","Faculty_Career_Website_live","workday"
"allegion","EarlyTalent_Careers","workday"
"hansoninc","hps","workday"
"oregon","Boards","workday"
"amfam","Agent-Staff","workday"
"ascendperformancematerials","Ascend","workday"
"danaher","SCIEXJobs","workday"
"holmanautogroup","ARI_Careers","workday"
"infinera","Infinera_Careers","workday"
"nyp","nypcareers","workday"
"aspentech","AspenTech","workday"
"eulen","EULEN","workday"
"johngore","Careers","workday"
"grosvenor","External_careers_site_Grosvenor","workday"
"bbby","bed_bath_beyond_careers","workday"
"fgcu","eaglejobs","workday"
"cooperstandard","CooperStandard","workday"
"aes","AES_PUERTORICO","workday"
"scientificgames","LightWonderExternalCareers","workday"
"coke","coca-cola-careers","workday"
"nshe","UNR-external","workday"
"wmeimg","PRIVATE","workday"
"salesforce","External_Career_Site","workday"
"bupa","EXT_CAREER","workday"
"canadiantirecorporation","Enterprise_External_Careers_Site","workday"
"evonik","External_Careers","workday"
"fugro","Careers","workday"
"resmed","ResMed_External_Careers","workday"
"vanguard","vanguard_external","workday"
"masonite","masonite_careers","workday"
"sphera","Careers","workday"
"sandvik","es","workday"
"zillow","zillow_group_external","workday"
"thales","Careers","workday"
"nrpgroup","NRP","workday"
"shl","SHL_Careers","workday"
"brooksauto","Brooks_External_Site","workday"
"ibotta","Ibotta","workday"
"tiketdotcom","Tiket_Careers","workday"
"intelgica","Velex","workday"
"collin","ExternalFacultyCareerSite","workday"
"davita","Redwood_and_SIP_Intern","workday"
"embryriddle","External","workday"
"haverford","External","workday"
"tbkbank","tfin","workday"
"vistaoutdoor","External","workday"
"flutterbe","FlutterInt_External","workday"
"lbg","broadbean_external","workday"
"sanoma","es","workday"
"kbr","KBR_Careers","workday"
"sterlingmets","Mets","workday"
"tamus","TAMHSC_External","workday"
"veteransunited","paddio","workday"
"worldvision","es","workday"
"siemensgamesa","es","workday"
"sunlife","FullscopeRMS","workday"
"johnsonbrothers","JohnsonBrothers","workday"
"alliancedata","AirMiles","workday"
"bbby","buy_buy_baby_jobs","workday"
"nytimes","INYT","workday"
"entrust","EntrustCareers","workday"
"travelhrportal","egencia","workday"
"zutari","Zutari","workday"
"forrester","careers","workday"
"horizon","Horizon","workday"
"pixar","Pixar_External_Internships","workday"
"ameren","External","workday"
"boeing","external_subsidiary","workday"
"broadinstitute","broad_institute","workday"
"commercebank","CommerceJobs","workday"
"labcorp","External","workday"
"agecare","AgeCare_Careers_External","workday"
"aia","External","workday"
"myview","loblaw_careers","workday"
"usyd","USYD_EXTERNAL_CAREER_SITE","workday"
"allegion","careers","workday"
"americancentury","AmericanCenturyInvestments","workday"
"ffive","f5jobs","workday"
"iberdrola","es","workday"
"iegt","GTI_External_Careers_Graduates_ROI","workday"
"orange","Orange_Career","workday"
"gentex","Gentex","workday"
"lewisandclark","staff","workday"
"massmutual","MMCareers","workday"
"wpengine","WP_Engine","workday"
"evrazna","EVRAZ","workday"
"overlakemedicalcenter","Overlake_External_Career_Site","workday"
"chemours","Chemours","workday"
"maurices","us_corporate_jobs","workday"
"srsdistribution","SRSEvergreenCareers","workday"
"mitre","MITRE","workday"
"usecology","USECOL","workday"
"delegatecx","DCX","workday"
"fedex","FXE-LAC_External_Career_Site","workday"
"geico","External","workday"
"marquardbahls","Advario","workday"
"myhana","mauijim","workday"
"mymvw","MVW","workday"
"vroom","vroom","workday"
"rakuten","es","workday"
"surescripts","surescriptscareers","workday"
"talentmanagementsolution","JonasConstruction-Careers","workday"
"nytimes","fellowship","workday"
"kohls","kohlsinvitationonly","workday"
"univision","es","workday"
"bcbsma","BCBSMA","workday"
"calix","External","workday"
"calix","ExternalInternational","workday"
"hitachi","hitachi","workday"
"harriscomputer","HTN","workday"
"pae","UK_Careers","workday"
"awg","AW","workday"
"mallinckrodt","MallinckrodtCareers","workday"
"remitly","Remitly_Careers","workday"
"mantech","CampusEvents","workday"
"ntst","Careers","workday"
"marketplaces","es","workday"
"talentmanagementsolution","JonasConstruction-TrainingandImplementation-Careers","workday"
"edwards","edwardscareers","workday"
"meijer","Meijer_Stores_Hourly","workday"
"boeing","GRACE","workday"
"kansashealthsystem","careers","workday"
"ingevity","Ingevity","workday"
"integritymarketing","Integrity","workday"
"dowjones","WSJ_External_Career","workday"
"quickenloans","rocket_careers","workday"
"austalusa","austal","workday"
"bah","BAH_Jobs","workday"
"wmeimg","WMEIMGUS","workday"
"agropur","Agropur_Careers","workday"
"kapsch","onestepahead_Sweden","workday"
"nio","NIO_Careers","workday"
"crowdstrike","crowdstrikecareers","workday"
"hansoninc","HPS","workday"
"unisys","External","workday"
"choa","externalcareers","workday"
"cni","CNI","workday"
"cba","Private_Ad","workday"
"ebay","apply","workday"
"mosaic","mosaic","workday"
"bdx","EXTERNAL_CAREER_SITE_HUNGARY","workday"
"steeleurope","Job_Board","workday"
"tricentis","Tricentis_Careers","workday"
"highpoint","HighPoint","workday"
"iqvia","IQVIA","workday"
"sonos","Sonos","workday"
"walkerdunlop","WD","workday"
"cloudera","External_Career","workday"
"houzz","External","workday"
"mydpr","11212017","workday"
"wasatchproperty","MarketStarCareers","workday"
"lewisandclark","student","workday"
"usfca","USF_Staff","workday"
"cardinalhealth","EXT","workday"
"gsk","GSKCareers","workday"
"ulsselu","SLU","workday"
"capitaland","CapitaLandGroup","workday"
"capitaland","CapitalandInvestmentCareers","workday"
"intelcomgroup","Intelcom_Career_Site_Eng","workday"
"surbanajurong","atelierten_careers","workday"
"mimecast","Mimecast-Careers","workday"
"belk","Careers-NewStores","workday"
"myview","loblaw_vente_au_detail","workday"
"overstock","medici_ventures_careers","workday"
"ineoscomposites","INEOSCareers","workday"
"kyriba","Kyriba-Careers","workday"
"sclogistics","SCLS-hourly","workday"
"hongrp","PCNY","workday"
"salesforce","Futureforce_Internships","workday"
"bcaa","bcaacareers","workday"
"brocku","brocku_careers","workday"
"dalcourmaclaren","Dalcour-Maclaren-Careers","workday"
"pmpediatrics","PMPeds2","workday"
"svha","SVHA_SVHM","workday"
"veteransunited","VUHL","workday"
"vfc","NorthFaceCorporate","workday"
"boeing","Clear","workday"
"huntingtonlibrary","HuntingtonCareers","workday"
"norconsult","Norconsult_Career_Site_Sweden","workday"
"atriumhospitality","es","workday"
"epicgames","Epic_Publishing","workday"
"transperfect","es","workday"
"berklee","BerkleeCareers","workday"
"boeing","ENG","workday"
"capitalone","Capital_One","workday"
"ghr","lateral-emea","workday"
"roberthalf","ProtivitiAPAC","workday"
"saintfrancis","External","workday"
"deliveryhero","es","workday"
"mcgill","McGill_Careers","workday"
"walmart","WalmartExternal","workday"
"usicinc","USICCareers","workday"
"adventisthealthcare","AdventistHealthCareCareers","workday"
"amfam","TheGeneralPrivate","workday"
"argonne","EDU_PRIVATE","workday"
"brooks","Brooks_External_Site","workday"
"itoinc","EnsonoUK","workday"
"abcfinancial","ABCFinancialServices","workday"
"qtsdatacenters","qts","workday"
"pattersoncompanies","Kane","workday"
"maersk","APMT_Careers","workday"
"eeronline","EndeavorEnergyCareers","workday"
"salesforce","es","workday"
"ffive","NGINX","workday"
"patagonia","PWCareers","workday"
"activision","King_External_Careers","workday"
"boeing","AISES","workday"
"landolakes","LandOLakes","workday"
"lendio","lendio","workday"
"fronius","Job_Board","workday"
"haier","GE_Appliances","workday"
"jotun","Jotun_careers","workday"
"salvationarmy","Salvos","workday"
"stageentertainment","StageEntertainment","workday"
"fib","FIBCareers","workday"
"gafsgi","GAF_Careers","workday"
"convatec","ConvaTec","workday"
"cardno","Cardno_Careers","workday"
"kantar","KANTARAD","workday"
"sandvik","sandvik-jobs","workday"
"athene","athene_careers","workday"
"corebridgefinancial","CorebridgeFinancial","workday"
"umgc","umgc_careers","workday"
"airliquidehr","AirgasExternalCareer","workday"
"udghealthcare","Vynamic","workday"
"interdigital","InterDigital_Career","workday"
"vfc","broadbean","workday"
"pwc","US_Experienced_Careers","workday"
"talentmanagementsolution","JonasClub-Careers","workday"
"pinebridge","PineBridge_Career_Site","workday"
"boarshead","BHC","workday"
"kainos","Kainos","workday"
"allegion","careers_SimonsVoss","workday"
"morningstar","Asia_Pacific","workday"
"ferguson","Ferguson_Campus","workday"
"pattersoncompanies","PDCO","workday"
"rollsroyce","Apprentice","workday"
"coyote","coyotecareers","workday"
"greystar","Campus","workday"
"hec","Hilcorp_Energy_Company","workday"
"mehilainen","Harjun_Terveys_Careers","workday"
"abglobal","abcampuscareers","workday"
"csl","CSL_External","workday"
"mksinst","MKSCareersUniversity","workday"
"rockwellautomation","External-Sensia","workday"
"uline","Uline_Careers","workday"
"virtua","Virtua_Health_External_Career_Site","workday"
"wustl","External","workday"
"myhrabc","es","workday"
"proofpoint","ProofpointCareers","workday"
"datev","ENG_DATEV","workday"
"thedacare","ThedaCare_Career_Site1","workday"
"theclaremontcolleges","POM_Careers","workday"
"vfc","EastPak_EMEA_Careers","workday"
"vca","es","workday"
"nvidia","UniversityJobs","workday"
"tda","TDAmeritrade_careers","workday"
"vivint","vivintjobs","workday"
"fnbcorp","FNBCORP","workday"
"puma","broadbean_external","workday"
"jackson","PPMA_Careers","workday"
"sentryinsurance","SentryCareers","workday"
"tsys","TSYS","workday"
"deliveryhero","DH","workday"
"deliveryhero","talabat","workday"
"isg","ISG","workday"
"svha","SVHA_Sydney_Public","workday"
"wholefoods","wholefoodsUK","workday"
"finra","FINRA","workday"
"vhr-epri","epricareers","workday"
"myhrabc","Distribution","workday"
"syniverse","SyniverseCareers","workday"
"theocc","careers","workday"
"ambgroup","MBSCareers","workday"
"rothschildandco","Rothschildandco_Interns","workday"
"belron","Belron_Canada_Careers","workday"
"rsli","RSLIJobs","workday"
"snc","SNC_External_Career_Site","workday"
"wmeimg","160over90US","workday"
"upm","Careers","workday"
"monarch","Monarch","workday"
"sleepnumber","sleepnumber","workday"
"lindenwood","CareerOpportunities","workday"
"wellington","External","workday"
"academy","Careers","workday"
"kohls","kohlscareers","workday"
"maa","MAA","workday"
"mbda","MBDA-UK","workday"
"nilfisk","Nilfisk","workday"
"vfc","Napapijri_EMEA_Retail_Careers","workday"
"americanredcross","es","workday"
"nasdaq","Global_External_Site","workday"
"kcumb","Jobs","workday"
"talktalk","TalkTalkCareers","workday"
"ghc","Kaplan_International_Careers","workday"
"keystonehumanservices","KHS_Careers","workday"
"groundworks","Groundworks","workday"
"aes","AES_US","workday"
"asmglobal","careers","workday"
"datarobot","DataRobot_External_Careers","workday"
"dxctechnology","DXCJobs","workday"
"hongrp","BDCI","workday"
"optioncare","NavenHealth","workday"
"bupa","BGUK_Event_Landing","workday"
"brandeis","Jobs","workday"
"globalhr","REC_RTX_Ext_Gateway","workday"
"oxford","TommyBahamaUS","workday"
"wholefoods","wholefoods","workday"
"lghealth","College_Career","workday"
"adfinc","External_FITCO","workday"
"mattressfirm","SalesCareers","workday"
"amfam","AmericanFamilyConnectPropertyCasualtyInsuranceCompany","workday"
"fedex","FXE_APAC_External","workday"
"msh","External","workday"
"vhr-otsuka","External","workday"
"applyboard","ApplyBoardNH","workday"
"astrazeneca","Emerging-Talent","workday"
"noerr","Careers_Business_Professionals","workday"
"pernodricard","pernod-ricard","workday"
"sec","Samsung_Careers","workday"
"talentmanagementsolution","JonasSoftwareCanada","workday"
"agilent","Agilent_Student_Careers","workday"
"gartner","EXT","workday"
"iheartmedia","External_iHM","workday"
"q2ebanking","Q2","workday"
"bloomenergy","BloomEnergyCareers","workday"
"illumina","illumina-universityrecruiting","workday"
"taylormorrison","TaylorMorrisonCareers","workday"
"barcelo","en","workday"
"pwc","es","workday"
"valmet","External","workday"
"albemarle","ALBCollegeRecruiting","workday"
"disney","disneycareer","workday"
"flextronics","Romania_Careers","workday"
"brinks","BrinksCareersUS","workday"
"newsday","Newsday","workday"
"kone","es","workday"
"tel","TEL-Careers","workday"
"ameresco","Ameresco","workday"
"gfs","usjobs-gen-gfs","workday"
"aegistherapies","AegisCareers","workday"
"ferrarausa","FerraraCandyCareers","workday"
"navcanada","ATS_Career","workday"
"renre","RenaissanceRe_Careers","workday"
"scientificgames","SciPlayExternalCareers","workday"
"aes","AES_DominicanRepublic","workday"
"cox","Cox_External_Career_Site_1","workday"
"vsp","VSPVisionCareers","workday"
"demegroup","careers_external","workday"
"unilever","Unilever_Early_Careers","workday"
"uchicago","External","workday"
"championx","ChampionX_External","workday"
"nyuhs","nyuhscareers1","workday"
"alleima","alleima-jobs","workday"
"hansoninc","HPS_Student_Careers","workday"
"cnx","external_global","workday"
"vontobel","Jobs_CH","workday"
"osv_amerisure","Amerisure","workday"
"triumf","careers-at-triumf-job-postings","workday"
"vhr-otsuka","Pharmavite","workday"
"myhcm","Betway","workday"
"patrizia","PATRIZIA","workday"
"apttus","Conga-External","workday"
"trendmicro","External","workday"
"abcsupply","LWSupplyCareers","workday"
"assurant","Assurant_Careers","workday"
"hongrp","CDNC","workday"
"newrez","Shellpoint","workday"
"socure","SocureCareers","workday"
"noerr","Careers_Legal_Tax_Advisory","workday"
"siemensgamesa","Private_EXT_SGRE","workday"
"abbott","abbottcareers2","workday"
"hrispayroll","HomeStreetCareers","workday"
"uasys","UAMS_All_Careers","workday"
"rbc","RBCEARLYTALENT1","workday"
"nant","Nant","workday"
"rosettastone","Rosetta_Stone","workday"
"roswellpark","ExternalCareers","workday"
"vfc","NorthFace_EMEA_Retail_Careers","workday"
"spellmanhv","SpellmanHVCareers","workday"
"allegion","Careers_Normbau","workday"
"nacoal","yourtrident","workday"
"equifax","Campus","workday"
"bydeluxe","Deluxe_External","workday"
"alterra","CrystalMountain","workday"
"archgroup","careers","workday"
"bcbskc","BCBS_External_Career_Site","workday"
"blackbaud","ExternalCareers","workday"
"blackstone","Blackstone_Campus_Careers","workday"
"caa","Campus","workday"
"fhi","FHI_360_External_Career_Portal","workday"
"nelnet","MyAlloCommunications","workday"
"nelnet","MyNelnet","workday"
"poolcorp","POOLCORP","workday"
"aurecongroup","aurecon","workday"
"cibc","campus","workday"
"cpalliance","CerebralPalsyAlliance","workday"
"kapsch","onestepahead_Singapore","workday"
"card","en","workday"
"erickson","External","workday"
"extraspace","ESS_External","workday"
"pmpediatrics","Provider","workday"
"vermeer","externalcareersite","workday"
"pondco","pond","workday"
"premierinc","External_Professional","workday"
"compassion","es","workday"
"cnx","external_bulgaria","workday"
"techdata","External","workday"
"digikey","Digi-Key_China","workday"
"horizonmedia","CareerOpportunities","workday"
"rcgt","External","workday"
"hksinc","HKSStudent","workday"
"nytimes","Product-and-Design","workday"
"adfinc","External_IsoNova","workday"
"webfleet","WF_External_Careers","workday"
"epicgames","Epic_BusOps","workday"
"kering","Balenciaga","workday"
"blackstone","Blackstone_Careers","workday"
"ncr","ext_apac","workday"
"northeastern","inviteonly","workday"
"scribeamerica","ScribeAmerica","workday"
"swbc","swbccareers","workday"
"ferrovial","es","workday"
"nandos","Nandos","workday"
"tieto","Tieto_Careers_External_Site","workday"
"amfam","HomesiteCareers","workday"
"boeing","LAT","workday"
"rhahealthservices","1","workday"
"alliance","TraineePrivateAccess","workday"
"lighting","jobs-and-careers","workday"
"qantas","Jetstar_Careers","workday"
"uottawa","uOttawa_External_Career_Site","workday"
"corelogic","CoreLogicUK","workday"
"deckers","Deckers-Brands","workday"
"ncnu","AAA_NCNU_Careers","workday"
"stryker","StrykerCareers","workday"
"digikey","Digi-Key_HongKong","workday"
"goodwinprocter","External_Careers","workday"
"barrywehmiller","BWCareersConfidential","workday"
"lytx","Lytx","workday"
"deluxe","AUS","workday"
"talentmanagementsolution","TheRetentionPeople-Careers","workday"
"flagshipinc","flagshipinc","workday"
"vermilionenergy","VEI_EXTERNAL","workday"
"cuehealth","CueHealth","workday"
"dynata","callcenter","workday"
"elevancehealth","ANT","workday"
"fox","FOXTVST_EAST","workday"
"nationwide","es","workday"
"peak6group","apexfintechsolutions","workday"
"strayer","CU_Careers","workday"
"tamus","AgriLife_Extension_External","workday"
"jotun","ar","workday"
"kapsch","onestepahead_NAM","workday"
"elliottgroup","ElliottCareers","workday"
"franklintempleton","Invitation-Only","workday"
"nebraskamed","NM","workday"
"sggovterp","PublicServiceCareers","workday"
"allegion","Engineering_Careers","workday"
"sunrun","Sunrun_Careers","workday"
"wework","Corporate","workday"
"wmeimg","WMEIMGSTUDIOS","workday"
"myview","george_weston","workday"
"roche","rog_conf","workday"
"pixar","Pixar_External_Career_Site","workday"
"bozemanhealth","BozemanHealthCareers","workday"
"scottsmiraclegro","SMGExternal","workday"
"mbgp","Mercedes-AMGF1","workday"
"ashland","AshlandCareers1","workday"
"clarioclinical","clarioclinical_careers","workday"
"mantech","IntelCampaign2","workday"
"speedcast","speedcastcareers","workday"
"covetrus","CovetrusCareers","workday"
"activision","CentralTech","workday"
"clearesult","CLEAResult_External_Careers","workday"
"fedex","FDW_EU_External_Career_Site","workday"
"mckesson","es","workday"
"nutreco","es","workday"
"redbulltechnology","RB_Powertrains","workday"
"shv","Careers","workday"
"allegion","Careers_GPS","workday"
"elanco","External_Career","workday"
"pru","Careers","workday"
"ubc","ubcstudentjob","workday"
"dentsuaegis","DAN_GLOBAL","workday"
"eset","ESET_External","workday"
"rbc","RBCGLOBAL1","workday"
"johnsonbrothers","PRESTIGE","workday"
"acrt","ACRT_Careers","workday"
"aig","valic","workday"
"resilience","Resilience_Careers","workday"
"panerabread","Panera_Careers","workday"
"vfc","Vans_EMEA_Careers","workday"
"grpr","parques_reunidos","workday"
"admiralbeverage","External","workday"
"drivetime","DriveTime","workday"
"stars","Search","workday"
"bunnings","Careers","workday"
"bdgrowers","External","workday"
"claytonhomes","ClaytonCareers","workday"
"sundayriley","SundayRileyCareers","workday"
"tamus","TAMUCC_External","workday"
"usuro","AMP_Career","workday"
"christies","Christies_Careers","workday"
"heijmans","Vacatures_Heijmans","workday"
"transunion","TransUnion","workday"
"baldwinriskpartners","K-and-S-Insurance","workday"
"jci","es","workday"
"ampath","AmpathCareers","workday"
"myview","loblaw_careers_carrieres","workday"
"rbs","RBS","workday"
"booster","Booster_Careers","workday"
"ingredion","IngredionCareers","workday"
"dennemeyer","dennemeyer_careers","workday"
"deckers","es","workday"
"ipas","Ipas","workday"
"nvent","nVent","workday"
"cibc","en","workday"
"abcsupply","TCIcareers","workday"
"northeastern","careers","workday"
"rsm","RSMCareers","workday"
"schellman","Careers","workday"
"sluhn","SLUHN","workday"
"workiva","careers","workday"
"stark","STARK-Germany","workday"
"broadridge","Careers","workday"
"fiserv","EXT","workday"
"nordsonhcm","nordsoncareers","workday"
"pureinsurance","PURE","workday"
"sanford","SanfordHealth","workday"
"som","External","workday"
"umusic","UMGUS","workday"
"birch","FusionCareers","workday"
"osv-tifec","FanThreeSixty","workday"
"wpi","WPI_External_Career_Site","workday"
"carmax","External","workday"
"umgc","UMGC_Careers","workday"
"upp","UPP-Careers","workday"
"asurion","GK_Ext_Japan","workday"
"eisai","h3biomedicine","workday"
"onelineage","Pre_ID_Landing_Page","workday"
"sailpoint","SailPoint","workday"
"smithnephew","External","workday"
"alchemy","Alchemy","workday"
"theclaremontcolleges","CMC_Staff","workday"
"benchmark","Benchmark_Careers","workday"
"dowjones","Dow_Jones_Career","workday"
"theclaremontcolleges","TCCS_Careers","workday"
"astrazeneca","Careers","workday"
"jlp","JLPjobs_careers","workday"
"ntu","Careers","workday"
"vanderlande","careers","workday"
"alcoa","careers","workday"
"warnerbros","global","workday"
"labcorp","Fortrea","workday"
"maritz","Maritz","workday"
"klook","KlookCareers","workday"
"trumpf","TRUMPF_Graduates_and_Professionals","workday"
"koppers","Koppers","workday"
"nant","CSSIFM","workday"
"thetradedesk","TTDExternalSite","workday"
"itoinc","Ensono_EMEA_Agency","workday"
"vice","Virtue_External_Career_Site","workday"
"osv-firstunited","FUBCareersite","workday"
"blucora","avantaxwealthmanagement","workday"
"emspmg","9Dot_Careers","workday"
"interface","interface","workday"
"primetherapeutics","es","workday"
"meijer","Meijer-New-Stores","workday"
"hpe","ACJobSite","workday"
"aig","aig","workday"
"bgfoods","BG_Foods_Careers","workday"
"fedex","FXF_External_Career_Site","workday"
"hongrp","CDNY","workday"
"mrisoftware","External_CareerSite","workday"
"vmware","VMware","workday"
"daw","DAW_Careers","workday"
"mahec","MAHEC","workday"
"muellerwaterproducts","Mueller","workday"
"woundedwarriorproject","WWP","workday"
"compassion","CompassionCareers","workday"
"mtb","Restructure","workday"
"fnz","fnz_careers","workday"
"promeritag","Realright_External_Career_Site","workday"
"mainegeneral","MaineGeneralCareers","workday"
"wattswater","External","workday"
"austincc","External","workday"
"montrose","MEG","workday"
"tti","CDA","workday"
"arcis","extL","workday"
"relx","ReedTech","workday"
"salesforce","mulesoft_careersite","workday"
"cehe","CEHE_Careers","workday"
"argonne","Argonne_Careers","workday"
"basecamp","ECMC","workday"
"essentiahealth","Essentia_Health","workday"
"kla","Search","workday"
"livenation","RNExternalSite","workday"
"redfin","redfin_careers","workday"
"snc","Sierra_Space_External_Career_Site","workday"
"werner","Roadmaster","workday"
"kiongroup","KIONGroup","workday"
"maersk","Maersk_Careers","workday"
"trafigura","Puma_Energy_Careers","workday"
"allegion","careers_Interflex_Netherlands","workday"
"osfglobal","OSF","workday"
"oshkoshcorporation","Oshkosh","workday"
"otis","es","workday"
"fivebelow","fivebelowcareers","workday"
"nghs","External","workday"
"finnair","finnair","workday"
"deliveryhero","foodora-norway","workday"
"fiskars","FiskarsGroup","workday"
"pbjcal","JobsQuest","workday"
"cookpad","new_grad","workday"
"sbgpeople","OddscheckerJobs","workday"
"irobot","iRobot","workday"
"agl","AGL_Recruitment","workday"
"weforum","Forum_Careers","workday"
"bdx","EXTERNAL_CAREER_SITE_BELGIUM","workday"
"cnx","external_us","workday"
"globalpay","GlobalPaymentCareers","workday"
"servicemaster","terminix","workday"
"wmeimg","WMEIMGARENA","workday"
"agiliti","Corporate","workday"
"bestwestern","careers","workday"
"kla","AnnArbor","workday"
"uofl","UofLCareerSite","workday"
"vice","Vice_External_Career_Site","workday"
"kapsch","onestepahead-Argentina","workday"
"maisonsdumonde","es","workday"
"zeissgroup","External","workday"
"barryu","BarryU","workday"
"saputo","Saputo_External_Careers","workday"
"hargreaveslansdown","HLTech","workday"
"linklaters","DE_Linklaters","workday"
"ultra","ultra-careers","workday"
"primetherapeutics","PrimeTherapeuticsCareers","workday"
"pgatour","FTFExternal","workday"
"owensminor","OMCareers","workday"
"barryu","BarryUStudentJobs","workday"
"nytimes","Wirecutter","workday"
"aaaie","CSAACareers","workday"
"basspro","careers","workday"
"sharp","External","workday"
"nant","ImmunityBio","workday"
"abglobal","alliancebernsteincareers","workday"
"activision","Blizzard_External_Careers","workday"
"aes","Fluence","workday"
"joinroot","joinroot","workday"
"kmkp","KACECareers","workday"
"littelfuse","Littelfuse-University-Relations","workday"
"redrobin","RedRobin_Careers","workday"
"evotecgroup","Evotec_Career_Site","workday"
"fwd","FWDcareersite","workday"
"shimano","Shimano","workday"
"bcbsnc","BCBSNC","workday"
"jbhunt","Careers","workday"
"curemd","curemd","workday"
"myview","loblaw_DC_jobs","workday"
"catalent","External","workday"
"nyp","GSH_Careers","workday"
"tamus","TAMIU_External","workday"
"gianteagle","GEExternalcareers","workday"
"alfa","Alfa","workday"
"juliusbaer","apprentices-ch","workday"
"namsa","es","workday"
"niagarawater","Niagara","workday"
"deluxe","External_Colleges_Universities","workday"
"abcsupply","LWunadvertised","workday"
"yesco","External","workday"
"zappos","Zappos","workday"
"bucks","BCCC","workday"
"citrix","CitrixCareers","workday"
"ambgroup","AMB_FF","workday"
"aviva","External","workday"
"barr","BarrCareers","workday"
"maxar","Maxar","workday"
"shutterstock","ShutterstockCareers","workday"
"thejacksonlaboratory","External_JAX","workday"
"ubc","ubcstaffjobs","workday"
"alfalaval","Alfa_Laval_jobs","workday"
"relx","Law360","workday"
"osv-rubicon","MagniteCareers","workday"
"belron","Autoglass_and_Laddaw_Careers","workday"
"tcenergy","CAREER_SITE_TC","workday"
"telpark","es","workday"
"eisneramper","EisnerAmper_External","workday"
"sfc","SFCCareerSite","workday"
"ynap","YNAP_GRADS","workday"
"navexglobal","NAVEX","workday"
"aenetworks","RecruitingCampaigns","workday"
"baincapital","External_Private","workday"
"childrensplace","TCP02","workday"
"ing","JVSGBLCOR","workday"
"ossur","OssurCareersGlobal","workday"
"deseretmanagement","DeseretDigitalMedia","workday"
"flextronics","es","workday"
"web","DN1","workday"
"avant","External_Careers","workday"
"bentley","faculty","workday"
"georgetown","Georgetown_Admin_Careers","workday"
"livenation","InsomniacExternalSite","workday"
"statestreet","eQuest","workday"
"softwareag","rec_sag_ext","workday"
"alliancedata","breadfinancial_private","workday"
"brookfield","brookfield","workday"
"boeing","INCL","workday"
"lghealth","LGHealth_Career","workday"
"maxine","Maxis-Career","workday"
"ogmgroup","OGM","workday"
"pierrefabre","External_Career_Site","workday"
"daimlertss","TSS_JOBPORTAL","workday"
"dyson","broadbean_external","workday"
"discover","Discover","workday"
"maurices","us_retail_jobs","workday"
"fil","001","workday"
"osp","OsotspaCareers","workday"
"aero","URR","workday"
"buncombecounty","Buncombe_County_Careers","workday"
"rakuten","RakutenMobile","workday"
"gaig","GAIG_External","workday"
"gatesfoundation","Gates","workday"
"priceline","Priceline","workday"
"clubmed","External_Career_Site_Office","workday"
"heidelberg","es","workday"
"mercari","mercari_external","workday"
"talentmanagementsolution","PayGate","workday"
"heequipment","careers","workday"
"vice","Pulse_External_Career_Site","workday"
"huntington","HNBcareers","workday"
"amfam","HomesiteCareers_Private","workday"
"nationstar","MrCooper","workday"
"ngic","DirectAuto","workday"
"howden","external","workday"
"acxiomllc","Acxiom_APAC_Agency","workday"
"magellanhealth","magellan_health_careers","workday"
"healthfirst","healthfirst","workday"
"saveonfoods","SaveonfoodsCareers","workday"
"bcbsla","External","workday"
"fedex","FDW_External_Career_Site","workday"
"heinz","KraftHeinz_Careers","workday"
"highpoint","Highpoint-Faculty","workday"
"planet","Planet","workday"
"allegion","Careers_NORMBAU_Germany","workday"
"donaldson","DonaldsonCareers","workday"
"motorolasolutions","Careers","workday"
"nordstrom","nordstrom_careers","workday"
"synnex","tdsynnexcareers","workday"
"yakimacounty","HealthDistrictWA","workday"
"aspca","ASPCAWebsite","workday"
"regeneron","Careers","workday"
"dentsuaegis","en","workday"
"talentmanagementsolution","SMS_Software-Careers","workday"
"trumpf","TRUMPF_Apprenticeships","workday"
"comscore","External","workday"
"vnsny","CareersatVNSHealth","workday"
"danaher","CepheidJobs","workday"
"sunovion","SDPO","workday"
"rakuten","RakutenAdvertising","workday"
"myview","SDM_Stores","workday"
"udghealthcare","AHC","workday"
"fleetpride","es","workday"
"bmc","BMC","workday"
"churchdwight","chdcanadacareers","workday"
"fedex","FTN_CAN_External","workday"
"mygtcmi","GTC","workday"
"ulsltu","LATECHCareers","workday"
"bupa","ext_career","workday"
"centrotecgroup","CENTROTEC","workday"
"choicehotels","External","workday"
"hostess","External","workday"
"vumc","vumccareers","workday"
"lghealth","Horizon","workday"
"myview","Loblaw-Digital_Careers_Carrieres","workday"
"mckesson","Acquisition_campus","workday"
"myview","sdmshn","workday"
"shusa","External","workday"
"uniphar","uniphar_external_careers","workday"
"cvhp","EmanateHealth","workday"
"falckrenewables","External","workday"
"alterra","SkiButlers","workday"
"barnard","Staff","workday"
"simonsfoundation","simonsfoundationcareers","workday"
"trellix","EnterpriseCareers","workday"
"flutterbe","FlutterUKI_External","workday"
"schwaebisch","karriere","workday"
"amynta","global","workday"
"aptiv","APTIV_CAREERS","workday"
"deseretmanagement","BonPhoenix","workday"
"akamerica","broadbean_external","workday"
"godirect","voya_jobs","workday"
"brooks","Brooks_Conversion_Site","workday"
"ghr","lateral-canada","workday"
"mmc","careers","workday"
"servicesourceinc","ServiceSource_Staff","workday"
"enercity","enercity_extern","workday"
"amerilife","External","workday"
"blackknight","ics","workday"
"sunrise","Sunrise","workday"
"aims","Jobs","workday"
"hargreaveslansdown","HargreavesLansdown","workday"
"aes","AES_MCAC","workday"
"greystar","External","workday"
"moonpay","GTI","workday"
"busybeesanz","1","workday"
"cibc","search","workday"
"fairstone","FairstoneCareers","workday"
"flutterbe","BFRomania_External","workday"
"mckesson","external_careers","workday"
"stark","STARK-Denmark","workday"
"traveloka","Traveloka","workday"
"aero","External","workday"
"epiqsystems","Epiq_Careers","workday"
"rand","External_Career_Site","workday"
"scholastic","External","workday"
"cna","CNA_Careers","workday"
"flextronics","Nextracker_Careers","workday"
"weir","Weir_External_Careers","workday"
"gdit","External_Career_Site","workday"
"amherstgroup","Amherst_Holdings_Careers","workday"
"bah","BAH_Executive","workday"
"bbt","Careers","workday"
"priceline","BookingHoldings","workday"
"rakuten","RakutenVikiSingapore","workday"
"kering","Gucci","workday"
"capbluecross","capbluecross","workday"
"vfc","Kipling_EMEA_Retail_Careers","workday"
"emspmg","PIE_Careers","workday"
"strayer","es","workday"
"ace","careers","workday"
"rakuten","RakutenShopStyle","workday"
"topbloc","TopBloc_Careers","workday"
"abglobal","privatealliancebernsteincareers","workday"
"abcsupply","MuleHideCareers","workday"
"coaction","Coaction","workday"
"gcu","GCU","workday"
"nascar","NASCAR","workday"
"xcelenergy","External","workday"
"kiongroup","KION_SCS","workday"
"linklaters","es","workday"
"manulife","MFCJH_Jobs","workday"
"michelinhr","es","workday"
"excelfitness","Excel_Fitness","workday"
"vrtx","Vertex_Careers","workday"
"ensemblehp","EnsembleHealthPartnersCareers","workday"
"flextronics","Mexico_Careers","workday"
"intelliatx","intelliatxcareers","workday"
"servicesourceinc","ServiceSource_Community_Employment_Program","workday"
"alliancedata","Alliance_Data_Systems","workday"
"macu","MACU_Careers","workday"
"ffd","EmploymentOpportunities","workday"
"wycliffe","WUSA_Internships","workday"
"haier","GEAppliances_Professional_Careers","workday"
"basicfit","es","workday"
"nztagovtnz","nztagovtnz","workday"
"arrow","AC","workday"
"evercommerce","EverCommerce_Careers","workday"
"pluralsight","Careers","workday"
"trinityhealth","Jobs","workday"
"trustage","TruStage","workday"
"uvmhealth","EXTERNAL","workday"
"vizient","Vizient_Careers","workday"
"wehi","broadbean_external","workday"
"amcn","amcnetworks","workday"
"cengage","CengageNorthAmericaCareers","workday"
"mtb","Campus","workday"
"parsons","Search","workday"
"pentair","Pentair_Careers","workday"
"gen","careers","workday"
"lmiaerospace","LMI_Careers","workday"
"shawinc","External","workday"
"tmx","Trayport_Careers","workday"
"vfc","Vans_Corporate_Careers","workday"
"kbpbrands","Careers","workday"
"averis","RGE","workday"
"canopygrowth","es","workday"
"soti","SOTI_Campus_Recruitment_India","workday"
"alkegen","alkegen","workday"
"aampower","es","workday"
"alterra","MammothMountain","workday"
"isu","ConfidentialOpenSearchWaiver","workday"
"liveoakbancshares","es","workday"
"primient","External_Careers","workday"
"rakuten","RakutenAmericas","workday"
"sasllc","Careers","workday"
"salesforce","Slack","workday"
"gresearch","G-Research","workday"
"razer","Careers","workday"
"resmed","Brightree_External_Careers","workday"
"saabgroup","Saab_careers","workday"
"upm","es","workday"
"spgi","OSTTRA_Careers","workday"
"arrowstreetcapital","Arrowstreet","workday"
"loewshotels","loewshotels","workday"
"schreiberfoods","Schreiber_Careers","workday"
"perkinelmer","External","workday"
"wintrust","Search","workday"
"prysmiangroup","Careers","workday"
"hagerty","hagerty","workday"
"ijm","careers-ijm","workday"
"rrhs","RRH","workday"
"cableone","Cable_One_External_Careers","workday"
"terminix","terminix","workday"
"valeo","es","workday"
"dnb","Careers","workday"
"amat","University","workday"
"forfarmers","ECS","workday"
"hrhub","Euronext_Career_Page","workday"
"sanger","WellcomeSangerInstitute","workday"
"saputo","es","workday"
"shakeshack","External","workday"
"maxine","Maxis-Early-Careers","workday"
"crowe","External_Careers","workday"
"ghc","Kaplan_Professional_Careers","workday"
"navient","Navient_Jobs","workday"
"uvmhealth","CVMC","workday"
"fifththird","53careers","workday"
"kmkp","TPGCareerFair","workday"
"slcgov","SLC","workday"
"solera","North_America_Career_Site","workday"
"caresource","CareSource","workday"
"csgi","CSGCareers","workday"
"amn","AMN_Careers","workday"
"labcorp","es","workday"
"dataminr","Dataminr","workday"
"flutterbe","Blip_External","workday"
"alliancedata","breadfinancial_US","workday"
"flagstar","flagstar","workday"
"lithia","LithiaCareers","workday"
"vst","vistra_careers","workday"
"williams","External","workday"
"montage","Montage_International","workday"
"rpcinc","Cudd","workday"
"talentmanagementsolution","Bookassist_ES","workday"
"nshe","NSC-external","workday"
"rakuten","Kobo","workday"
"simonsfoundation","ccmcareers","workday"
"hotelbedsgroup","HBG_Careers","workday"
"wilhelmsen","Wilhelmsen","workday"
"silvercross","SilverCrossCareers","workday"
"applus","es","workday"
"frostbank","External","workday"
"jmh","JohnMuirHealthCareers","workday"
"gladstone","careers","workday"
"collegeboard","Careers","workday"
"boydgroup","boydcareers","workday"
"clarkcountywashington","ClarkCountyJobs","workday"
"mastercard","CorporateCareers","workday"
"pennant","SymbiiHealthCareerSite","workday"
"vsg","VSG","workday"
"workhuman","WorkhumanCareers","workday"
"aliaxis","IPEX","workday"
"santander","SantanderCareers","workday"
"urw","urw_career_site","workday"
"baystatehealth","External_Careers","workday"
"lilly","LLY","workday"
"myworkdaycenter","es","workday"
"auroragov","Careers","workday"
"collaborative","allopenings","workday"
"sonder","Join_Sonder","workday"
"airasia","Careers","workday"
"essity","Job_opportunities","workday"
"apttus","External","workday"
"blucora","blucora","workday"
"bdx","EXTERNAL_CAREER_SITE_IRELAND","workday"
"aes","AES_ASA","workday"
"wmeimg","WMEIMGEMEA","workday"
"kapsch","onestepahead_Chile","workday"
"lgt","lgtcurrentvacancies","workday"
"moneris","Moneris","workday"
"condenast","CondeCareers","workday"
"dukeenergy","Search","workday"
"osu","osucareers","workday"
"astrazeneca","broadbean_external","workday"
"lithia","Driveway","workday"
"flextronics","China_Careers","workday"
"designit","External","workday"
"ramboll","Experienced_Professionals","workday"
"reagroup","reacareers","workday"
"adva","ADVA","workday"
"dcsd","DCSD","workday"
"lumentum","LITE","workday"
"epicgames","Epic_Games","workday"
"htlf","Arizona-Bank-Careers","workday"
"bbinsurance","Careers","workday"
"calistacorp","CalistaInternship","workday"
"nshe","CSN-External","workday"
"kantonsspitalbaden","ksb-careers","workday"
"pauliggroup","paulig","workday"
"qantas","Qantas_Careers","workday"
"wolseleyuk","Wolseley","workday"
"christianacare","CCHS","workday"
"clarios","clarioscareers","workday"
"guardianpharmacy","Guardian_Pharmacy","workday"
"nexstar","nexstar","workday"
"barrywehmiller","BWCareers","workday"
"gcu","Orbis","workday"
"hklaw","Holland_Knight","workday"
"rakuten","RakutenRewards","workday"
"websteronline","HSAExternalCareerSite","workday"
"cmc","CMCCareers","workday"
"lghealth","Penn-Medicine-Home-Health","workday"
"nuance","Nuance","workday"
"mearsgroup","External_Career_Site","workday"
"russell","russellinvestments","workday"
"deseretmanagement","BonSacramento","workday"
"pfizer","es","workday"
"equiniti","Opportunities","workday"
"ambgroup","Test","workday"
"gcu","GCE","workday"
"boeing","WOCT","workday"
"cognex","External_Career_Site","workday"
"gensler","genslercareers","workday"
"kimberlyclark","GLOBAL","workday"
"onelineage","External","workday"
"uva","UVAJobs","workday"
"wellstar","wellstarcareers","workday"
"wsc","WSC","workday"
"hospicecom","Compassus","workday"
"stevens","External","workday"
"ucar","UCAR_Careers","workday"
"newrez","NRZ","workday"
"usicinc","BloodHoundCareers","workday"
"atlanticmedia","Careers","workday"
"unum","External","workday"
"juliusbaer","External","workday"
"axiscapital","axiscareers","workday"
"aquaamerica","Aqua_America_Careers","workday"
"hamiltonlane","Search","workday"
"ifcosystems","WorkingatIFCO","workday"
"abcsupply","ACMcareers","workday"
"aes","aes_clean_energy","workday"
"baltimorecity","External","workday"
"genesys","Genesys","workday"
"kimberlyclark","es","workday"
"path","External","workday"
"pvh","PVH_Careers","workday"
"stem","StemInc","workday"
"aesop","broadbean_external","workday"
"belron","Safelite_Careers","workday"
"dedalus","External","workday"
"herbertsmithfreehills","External","workday"
"petvalu","External_Career_Site_Pet_Valu_Canada","workday"
"qantas","Qantas_Offline_Applications","workday"
"rmit","RMIT_Careers","workday"
"michaels","External","workday"
"pnc","External","workday"
"hubinternational","HUBInternational","workday"
"littelfuse","Littelfuse-Careers","workday"
"rakuten","RakutenAsia","workday"
"mehilainen","mehilainen_careers","workday"
"swarovski","swarovski_internal","workday"
"umb","UMBExternal","workday"
"chenmed","JenCare","workday"
"skookum","careers","workday"
"gcccd","gcccdcareers","workday"
"ghr","Lateral-US","workday"
"guidehouse","External","workday"
"ezcorp","es","workday"
"alliance","NissanPrivateExternal","workday"
"nutreco","Nutreco_External","workday"
"shell","ShellCareers","workday"
"talentmanagementsolution","JonasSoftwareUK","workday"
"alterra","SugarbushResort","workday"
"tamus","TTI_External","workday"
"lambweston","Lamb_External","workday"
"argenx","External_Careers","workday"
"metsagroup","MetsaGroup_Careers","workday"
"optiver","optivercareers","workday"
"tiptrailerservices","es","workday"
"aaamidatlantic","AAAMidAtlantic","workday"
"columbiasportswearcompany","CSC_Careers","workday"
"forcepoint","engineering-external-careers1","workday"
"perkins","PRKNS","workday"
"saia","SaiaCareers","workday"
"ceh","CEH_Careers","workday"
"repsol","en","workday"
"zoetis","broadbean_external","workday"
"mcgill","mcgill_careers","workday"
"myhrhome","OneMainCareers","workday"
"swinerton","Swinerton_External_Career","workday"
"ukgrantt","TraineeCareersGrantThornton","workday"
"cornell","CornellPositions","workday"
"costar","CoStarCareers","workday"
"pra","PRA_Careers","workday"
"accenture","AccentureLeadershipCareers","workday"
"ceu","es","workday"
"curriculumassociates","External","workday"
"diversey","Diversey","workday"
"groupon","jobs","workday"
"wsu","WSU_Jobs","workday"
"pfg","PFGCareers","workday"
"southshorehealth","SSH_Careers","workday"
"townepark","ext","workday"
"21cf","Star","workday"
"kiongroup","KION_ITS_EMEA","workday"
"ambgroup","AMBSE","workday"
"lifung","FungGroup","workday"
"ffres","fairfieldcareers","workday"
"echostar","echostar","workday"
"eversidehealth","Everside_Health_Careers","workday"
"pfizer","PfizerCareers","workday"
"sbdinc","Stanley_Black_Decker_Career_Site","workday"
"symbotic","Symbotic","workday"
"erm","ERM_Careers","workday"
"myview","sdm_careers","workday"
"agilent","Agilent_Careers","workday"
"icf","ICFExternal_Career_Site","workday"
"meredith","EXT","workday"
"guardianlife","Guardian-Life-Careers","workday"
"spgi","SPGI_Careers","workday"
"firstam","firstamericancareers","workday"
"ghc","Kaplan_Careers","workday"
"mymoose","careers","workday"
"gea","GEACareers","workday"
"livingspaces","ls","workday"
"osv-chegg","Chegg","workday"
"regions","Regions_Careers","workday"
"vfc","jansport_usca_careers","workday"
"ofcom","Ofcom_Careers","workday"
"anaheimducks","ocViBE","workday"
"frostbank","external","workday"
"epicgames","Epic_Production","workday"
"emerson","Emerson_College_FT_Faculty","workday"
"pmpediatrics","PMPedsProviders","workday"
"dell","External","workday"
"fedex","FFC_External","workday"
"flextronics","Careers","workday"
"mizuho","mizuhoamericas","workday"
"nas","NAS_Careers","workday"
"spartannash","SpartanNash_Careers","workday"
"desjardins","Desjardins","workday"
"aalto","PrivateJobPosting","workday"
"fca","FCA_Careers","workday"
"lyreco","Lyreco_Careers","workday"
"onepoint","onepoint","workday"
"thales","es","workday"
"thehartford","Careers_External","workday"
"uasys","UASYS","workday"
"viatris","External","workday"
"alterra","AlterraMountainCompany","workday"
"purple","purplecareers","workday"
"colby","ColbyCareers","workday"
"gnw","Enact_MI","workday"
"toryburch","toryburchcareers","workday"
"flashdot","OfficialWebsite","workday"
"daiichisankyo","DSI","workday"
"american","AU","workday"
"nwacc","NWACC_External_Career_Site","workday"
"plastipak","Plastipak","workday"
"rakuten","RakutenTV","workday"
"wwwinc","WWW","workday"
"aggreko","en","workday"
"saxobank","CareeratSaxoBank","workday"
"veoliauki","VESCareers","workday"
"nrel","NREL","workday"
"capri","Versace","workday"
"odfl","ODFL_Careers","workday"
"ghc","Purdue_Global_Careers","workday"
"dssmith","careers","workday"
"bdx","EXTERNAL_CAREER_SITE_FRANCE","workday"
"bcbsks","External","workday"
"bronsonhg","newhires","workday"
"fau","FAU","workday"
"fortlewiscollege","FLC","workday"
"redwood","RWCareers","workday"
"fina","DeloitteRecrute","workday"
"linklaters","Linklaters","workday"
"sanimax","SanimaxEXT","workday"
"advanceauto","AdvanceExternalCareers","workday"
"alteryx","AlteryxCareers","workday"
"nacoal","namining","workday"
"portlandgeneral","pgn","workday"
"premera","premera","workday"
"gtsgbu","Careers","workday"
"svha","SVHA_SVHA","workday"
"amfam","TheGeneral","workday"
"calabrio","CalabrioHQ","workday"
"cerberus","CerberusCareers","workday"
"sprinklr","careers","workday"
"airliquidehr","AirLiquideExternalCareer","workday"
"lifeworks","External","workday"
"vsp","VSPGlobalCareers","workday"
"hongrp","CDDV","workday"
"sedgwick","Sedgwick","workday"
"deliveryhero","pedidosya","workday"
"ferrovial","Ferrovial_Career_Site","workday"
"nngroup","WDExternal","workday"
"oldmutual","Old_Mutual_Careers","workday"
"telstra","Telstra_Careers","workday"
"vhr-orbis","Orbis_Careers","workday"
"allegion","Careers_Interflex","workday"
"clark","ClarkExternal","workday"
"ironmountain","iron-mountain-jobs","workday"
"ouryahoo","careers","workday"
"vfc","napapijri_careers","workday"
"boeing","INTERN","workday"
"churchs","Field","workday"
"generaliespana","es","workday"
"bbh","bbh","workday"
"fhlbsf","FHLBSF","workday"
"joann","Careers_at_JOANN","workday"
"wsgr","WSGR","workday"
"peckham","staff_external_career_site","workday"
"bamfunds","External","workday"
"dutchbros","DBShops","workday"
"kei","GlobalKimballCareers","workday"
"levistraussandco","es","workday"
"stellahealth","bluecrossmn","workday"
"sci","Scholarship","workday"
"papajohns","PapaJohnsCareers","workday"
"freseniusmedicalcare","fme","workday"
"digitalfirstmedia","MNG","workday"
"greendotcorp","gdc","workday"
"aalto","aalto","workday"
"allegion","Careers_Bricard","workday"
"brighthorizons","External-UnitedKingdom","workday"
"flowserve","es","workday"
"disney","es","workday"
"pae","PAE_Careers","workday"
"sanmanuel","San_Manuel","workday"
"sallie-mae","Careers","workday"
"marquardbahls","Oiltanking","workday"
"vnsny","CareersatVNSNY","workday"
"razer","es","workday"
"alterra","CMHHeli-Skiing","workday"
"psu","PSU_Academic","workday"
"vca","Careers","workday"
"investpsp","psp_careers","workday"
"lonza","Lonza_Careers","workday"
"sunlife","Campus","workday"
"talentmanagementsolution","JonasSoftwareUSA","workday"
"polaris","PolarisJobs","workday"
"vfc","northface_careers","workday"
"bbh","BBH","workday"
"edwards","EdwardsCareers","workday"
"libertyglobal","Virgin_Media_Careers","workday"
"relx","Knowable","workday"
"tricon","tricon","workday"
"cat","CaterpillarCareers","workday"
"bloomenergy","es","workday"
"standard","Search","workday"
"epicgames","EpicInternships","workday"
"csagroup","csagroup","workday"
"autodesk","Ext","workday"
"blackknight","BKC","workday"
"strayer","SEI","workday"
"trekbikes","TREK","workday"
"uhaul","UhaulJobs","workday"
"polaris","TetonJobs","workday"
"helenoftroy","Main_HoT","workday"
"litera","Litera_Careers","workday"
"sunlife","Experienced-Jobs","workday"
"aamc","AAMC","workday"
"cambiahealth","External","workday"
"mhs","Careers","workday"
"alantra","Alantra","workday"
"agiliti","Operations","workday"
"htlf","Heartland-Careers","workday"
"mfs","MFS-Careers","workday"
"aristocrat","BFGExternalCareerSite","workday"
"coorstek","CoorsTekCareers","workday"
"absa","absacareersite","workday"
"uva","UVAStudentJobs","workday"
"wawa","careers","workday"
"accenture","AccentureCareers","workday"
"fwd","eQuest","workday"
"nytimes","NYT","workday"
"slu","Careers","workday"
"talentmanagementsolution","Bookassist_IE","workday"
"wellcome","Wellcome","workday"
"21cf","Domestic","workday"
"gianttiger","gianttiger","workday"
"digikey","Digi-Key","workday"
"halozyme","halozymecareers","workday"
"agl","All_Jobs","workday"
"travelex","TravelexCareers","workday"
"olatheks","OlatheKS","workday"
"cooley","Cooley_US_LLP","workday"
"ineos","INEOScareers","workday"
"alterra","SteamboatSkiResort","workday"
"bentley","staff","workday"
"fedex","FCC_External","workday"
"procasemanagement","PCM","workday"
"synechron","SynechronCareers","workday"
"abeilleassurances","AEMA_Groupe","workday"
"royalihc","External_Career","workday"
"aah","External","workday"
"anaheimducks","SF","workday"
"generalmotors","Careers_GM","workday"
"target","targetcareers","workday"
"gorbel","ravenwoodgccareers","workday"
"albanymed","Albany_Med","workday"
"catalina","Catalina","workday"
"tamus","TARLETON_External","workday"
"juliusbaer","es","workday"
"idexx","IDEXX","workday"
"acxiomllc","AcxiomCHN","workday"
"equitylifestyleproperties","ELS","workday"
"dimensional","DFA_Careers","workday"
"osv-chegg","es","workday"
"invenergyllc","invenergycareers","workday"
"aes","AES_CHILE","workday"
"alterra","StrattonMountain","workday"
"awe","Art_and_Wellness","workday"
"hibbett","HSPRETAIL","workday"
"tamus","TEES_External","workday"
"kone","Careers","workday"
"pae","es","workday"
"sonder","es","workday"
"lendlease","lendleasecareers","workday"
"michelinhr","Talent_pool","workday"
"corelogic","USCAN","workday"
"liquidnet","Liquidnet","workday"
"manulife","MFCJH_AdminJobs","workday"
"idahopowercompany","External","workday"
"tti","Milwaukee","workday"
"nngroup","External","workday"
"eisai","eisai","workday"
"godirect","es","workday"
"taylormadegolf","taylormadegolf","workday"
"academymortgage","AMC","workday"
"myview","loblaw_pharmacy_optical","workday"
"bbby","cost_plus_world_market_jobs","workday"
"envista","envistacareers","workday"
"pfizer","ar","workday"
"nationalchurchresidences","careers","workday"
"bison","BisonDriverCareers","workday"
"cambiumlearning","camb","workday"
"gilead","gileadcareers","workday"
"hhmi","External","workday"
"swift","Join-Swift","workday"
"skipton","Careers-Skipton","workday"
"manh","External","workday"
"myrayonieram","careers","workday"
"woodruffcenter","woodruffcenter","workday"
"asurion","Asurion_Careers","workday"
"avisbudget","ABG_Careers","workday"
"agiliti","Sales","workday"
"mckee","mckee","workday"
"gamestop","Careers","workday"
"kmkp","evolve24Careers","workday"
"multicare","multicare","workday"
"perkinscoie","perkinscoieexternal","workday"
"printpack","printpackcareers","workday"
"saabusa","Saab_careers","workday"
"sentara","SCS","workday"
"axis","External_Career_Site","workday"
"cyient","careers","workday"
"nccgroup","NCC_Group","workday"
"open","OPEN","workday"
"allegion","Careers_GPS-Germany","workday"
"beigene","BeiGene","workday"
"imh","IntermountainCareers","workday"
"methode","methode","workday"
"scripps","Scripps_Careers","workday"
"sandvik","dormerpramet-jobs","workday"
"bcfs","BCFSCareers","workday"
"itoinc","EnsonoIN","workday"
"brucepower","BrucePower","workday"
"foxfactory","FOX","workday"
"libertyglobal","Liberty_Global_Careers","workday"
"krauseholdings","External","workday"
"nglenergypartners","jobs","workday"
"boeing","MFG","workday"
"jll","lasallecareers","workday"
"nationwide","Nationwide_Career","workday"
"simmons","Simmons-Careers","workday"
"datev","Datev_Careers","workday"
"evertonfc","Everton-Careers","workday"
"allegion","SWE","workday"
"borgwarner","BorgWarner_Careers","workday"
"chevron","jobs","workday"
"emerson","Emerson_College_Staff","workday"
"jci","JCI","workday"
"transunion","transunion","workday"
"vfc","vfc_careers","workday"
"accenture","es","workday"
"qualcomm","es","workday"
"ghc","KTP_Careers","workday"
"acelero","ShineEarlyLearningCareers","workday"
"orix","External_ORIX","workday"
"boeing","DVST","workday"
"capri","JimmyChooCareers","workday"
"intel","External","workday"
"jacksonhealthcare","careers-jacksonhealthcare","workday"
"r1rcm","R1RCM","workday"
"bmo","Privileged","workday"
"flutterbe","PPRetail_External","workday"
"kapsch","onestepahead_UK","workday"
"philips","jobs-and-careers","workday"
"relx","LexisNexisLegal","workday"
"vontobel","Vontobel_External_Career","workday"
"brookfield","brookfieldproperties","workday"
"usc","ExternalUSCCareers","workday"
"boeing","SASE","workday"
"circlek","CircleKStoreJobs","workday"
"kramp","Krampcareers","workday"
"talentmanagementsolution","JonasConstruction-SalesandMarketing-Careers","workday"
"goodwillmiddletn","goodwill","workday"
"amfam","CONNECTCareers-Private","workday"
"gfk","Corporate_Careers","workday"
"wabco","WABCOCareerSite","workday"
"vfc","smartwool_USCA_Careers","workday"
"alterra","BigBearMountainResort","workday"
"hbpublishing","Careers","workday"
"kmkp","TPGCareers","workday"
"dyson","the_dyson_institute_careers","workday"
"spectrumhealth","Lakeland","workday"
"alterra","BlueMountainResort","workday"
"bjswholesaleclub","BJsCareers","workday"
"cornell","CCECareerPage","workday"
"fico","External","workday"
"umiami","UMCareerStaff","workday"
"vwr","avantorJobs","workday"
"elementfleet","External_Career_Site","workday"
"mckesson","External_Careers","workday"
"saintsfc","SFC001","workday"
"hhmi","external","workday"
"cookpad","jobs","workday"
"ummc","UMCCareers","workday"
"intertrust","External","workday"
"santacruzbicycles","gtbikes","workday"
"bdx","EXTERNAL_CAREER_SITE_AUSTRALIA","workday"
"ryan","RyanCareers","workday"
"tti","TTI_PE","workday"
"cabrini","Cabrini","workday"
"cyient","External","workday"
"goodwillaz","GoodwillAZ","workday"
"paypal","jobs","workday"
"umphysicians","umpcareers","workday"
"ubc","ubcfacultyjobs","workday"
"alfalaval","Framo_jobs","workday"
"amadeus","jobs","workday"
"covestro","cov_external","workday"
"storebrand","Storebrand_Careers","workday"
"centerstone","CenterstoneCareers","workday"
"tedsmontanagrill","TMG_External_Career_Site","workday"
"unitedtalent","UTA","workday"
"aes","AES_COLOMBIA","workday"
"deseretmanagement","BonSaltLake","workday"
"ivanhoecambridge","Carrieres","workday"
"abeilleassurances","External","workday"
"ascential","ASC","workday"
"morningstar","Americas","workday"
"osv-tifec","Excolo","workday"
"scj","External_Career_Site","workday"
"dyson","dyson_careers","workday"
"ptcbio","PTC_Careers","workday"
"bdx","es","workday"
"jcrew","JCrewCareers","workday"
"teachforamerica","TFA_Careers","workday"
"cdpq","CDPQ","workday"
"capitalenergy","es","workday"
"bgea","bgea_careers","workday"
"spencerstuart","Evergreen_Requisitions","workday"
"onemagnify","OneMagnify_Careers","workday"
"advisorgroup","Advisor_Career_Site","workday"
"catalyte","catalyte","workday"
"danaher","BeckmanCoulterLifeSciencesJobs","workday"
"fox","FOXTVST_WEST","workday"
"heinz","KraftHeinz_Careers_BC","workday"
"nshe","WNC-External","workday"
"rockwellautomation","External_Rockwell_Automation","workday"
"fastretailing","retail_us_Uniqlo","workday"
"grab","Careers","workday"
"kering","en","workday"
"kiongroup","KION_ITS_APAC","workday"
"alliancedata","breadfinancial_India","workday"
"campaignmonitor","marigold","workday"
"mlp","mlpcareers","workday"
"huntsman","Huntsman","workday"
"lbg","Graduate_careers","workday"
"alliancedata","AllianceDataPRIVATE","workday"
"fogo","Fogo","workday"
"qvc","QVCEurope","workday"
"napaanesthesia","NAPA_Careers","workday"
"asos","externalcareers","workday"
"svb","svbank","workday"
"wycliffe","WUSA_Member","workday"
"bcbst","External","workday"
"justfab","fabletics","workday"
"lumaenergy","es","workday"
"binus","lifeatbinus","workday"
"msfg","Careers","workday"
"cmu","CMU","workday"
"jda","JDA_Careers","workday"
"osv-accolade","External_Careers","workday"
"thomsonreuters","External_Career_Site","workday"
"deseretmanagement","BonSF","workday"
"mantech","ConferenceEvents","workday"
"fugro","careers","workday"
"relx","RiskSolutions","workday"
"fkusa","FK_Careers","workday"
"beneva","SSQSite_carriere","workday"
"justeat","justeat_careers","workday"
"volarisgroup","TrapezeDenmark","workday"
"pjm","pjmcareers","workday"
"lbg","LBG_Careers","workday"
"ameren","Collegiate","workday"
"archildrens","External_Career_Site","workday"
"flir","flircareers","workday"
"liveoakbancshares","Live_Oak","workday"
"mcrtrust","Mill_Creek_Careers","workday"
"pacificlife","PacificLifeCareers","workday"
"tamus","TAMUCT_External","workday"
"wmeimg","WMEIMGASIAPAC","workday"
"worldvision","WorldVisionInternational","workday"
"covestro","es","workday"
"myview","lcl_private","workday"
"refinitiv","Careers","workday"
"talentmanagementsolution","GladstoneSoftware-Careers","workday"
"unhcr","External","workday"
"zeppelin","careers","workday"
"adobe","external_university","workday"
"workday","Workday_Early_Career","workday"
"acehardware","EJDExternal","workday"
"salesforce","external_career_site","workday"
"hcsc","HCSC_External","workday"
"allegromicro","AllegroCareers","workday"
"churchdwight","chdmexicocareers","workday"
"mastercard","Campus","workday"
"prologis","Private_Career_Site","workday"
"kering","BottegaVeneta","workday"
"amlrightsource","amlrightsource","workday"
"lsu","LSU","workday"
"robeco","robecoexternalcareers","workday"
"gici","Careers","workday"
"goddardenterprisesltd","es","workday"
"keybank","External_Career_Site","workday"
"hoopp","HOOPP","workday"
"alcon","careers_alcon","workday"
"belkin","belkin_careers","workday"
"amfam","Careers-Private","workday"
"ccf","ClevelandClinicCareers","workday"
"encore","externalnew","workday"
"kar","KAR_Careers","workday"
"pladis","Godiva_Careers","workday"
"alcority","westlawn","workday"
"topcon","TopconPositioningCareers","workday"
"bmo","Campus","workday"
"chenmed","Dedicated","workday"
"easyservice","MercyHealthCareers","workday"
"nzcris","nzcris","workday"
"zrg","jobs","workday"
"boeing","EXTERNAL_CAREERS","workday"
"calistacorp","Yulista","workday"
"vca","LNCareers","workday"
"lkab","LKAB_External_Career_Site","workday"
"pzcussons","CareersPZCussons","workday"
"renishaw","Renishaw","workday"
"brighthorizons","External-NorthAmerica","workday"
"hntb","HNTB_Careers","workday"
"umusic","UMGUK","workday"
"wexinc","WEXInc","workday"
"whitecap","Careers","workday"
"solera","Global_Career_Site","workday"
"brunswick","search","workday"
"masco","DeltaFaucet","workday"
"vmware","VMware_CareerHub","workday"
"kissusa","KISS_Careers_External","workday"
"claires","Claires","workday"
"clark","Edgemoor","workday"
"talentmanagementsolution","JonasChorum","workday"
"sclogistics","SCLS-salary","workday"
"abcsupply","ABCSupplyCareers","workday"
"bitsight","Bitsight","workday"
"churchdwight","chdcareers","workday"
"flexerasoftware","FlexeraSoftware","workday"
"gatesfoundation","GatesAgOne","workday"
"livenation","TMExternalSite","workday"
"kapsch","onestepahead-Spain","workday"
"mckesson","Acquisition_Campus","workday"
"marshfieldclinichealthsystems","External","workday"
"tieto","Tieto_Referral_Site","workday"
"scj","External_Career_Site_Professional","workday"
"refinitiv","careers","workday"
"pierrefabre","es","workday"
"howard","HU","workday"
"loganhealth","Logan_Careers","workday"
"nantmedia","LATimesCareers","workday"
"bdx","EXTERNAL_CAREER_SITE_AUSTRIA","workday"
"mtrltech","kanthal-jobs","workday"
"wash","wash","workday"
"alterra","DeerValleyResort","workday"
"flcancer","FLCancer_Careers","workday"
"fox","FOXTVST_Central","workday"
"invesco","IVZ","workday"
"jll","jlltcareers","workday"
"livenation","LNExternalSite","workday"
"sensata","Sensata-Careers","workday"
"alliance","es","workday"
"cba","CommBank_Careers","workday"
"fastretailing","store_staff_eu_Uniqlo","workday"
"safeguardglobal","External_Careers","workday"
"stemcell","External_Careers","workday"
"meijer","Meijer","workday"
"amfam","MSAGROUP_Careers","workday"
"becu","External","workday"
"bilh","External","workday"
"jjc","JJCHR","workday"
"capita","CapitaGlobal","workday"
"iegt","GTI_External_Careers_Experienced_Hires_NI","workday"
"peopleplus","SCB_Careers","workday"
"ratp","RATP_Externe","workday"
"cuna","CUNAMutualGroup","workday"
"optioncare","OptionCare","workday"
"cogeco","Cogeco_Careers","workday"
"nemours","careers_at_nemours","workday"
"gategroup","gategroup_IndirectLabor","workday"
"umiami","broadbean_external","workday"
"tysonfoods","TYIT","workday"
"garlandtx","Garlandcareers","workday"
"lmu","Careers","workday"
"mcafee","External","workday"
"valmont","ValmontCareers","workday"
"7eleven","7eleven","workday"
"fourseasons","search","workday"
"simcorp","SimCorp_Jobs","workday"
"blattner","BlattnerEnergy","workday"
"levistraussandco","External","workday"
"thomsonreuters","es","workday"
"zoetis","zoetis","workday"
"deseretmanagement","BonDenver","workday"
"auchanportugal","auchan-retail","workday"
"talentmanagementsolution","Tucasi-Careers","workday"
"wfscorp","wfscareers","workday"
"theglobalfund","External","workday"
"imerys","IMERYS-Careers","workday"
"salvationarmy","broadbean_external","workday"
"vfc","Vans_EMEA_Retail_Careers","workday"
"src","ScottishRiteforChildren","workday"
"dxctechnology","es","workday"
"krauseholdings","Solar_External","workday"
"jll","jllcareers","workday"
"marvell","MarvellCareers","workday"
"nshe","TMCC-External","workday"
"signetjewelers","signetjeweleryretailsales","workday"
"yearup","YearUp","workday"
"aesop","aesopcareers","workday"
"bumble","Fruitz","workday"
"relx","ElsevierJobs","workday"
"rockwoolgroup","ROCKWOOL","workday"
"scm","SCM","workday"
"sky","sky_careers","workday"
"ascenaretail","us_retail_jobs","workday"
"idexcorp","IDEX_Careers","workday"
"transunion","es","workday"
"oclc","es","workday"
"ankura","Ankura","workday"
"imc","invitation","workday"
"srsdistribution","SRS","workday"
"workday","Workday_University_Careers","workday"
"otppb","OntarioTeachers_Careers","workday"
"tuftshealthplan","THP","workday"
"activision","ABM_External_Careers","workday"
"clevelandmetroschools","jobs","workday"
"gtweed","Careers","workday"
"pciservices","External","workday"
"sabre","SabreJobs","workday"
"tamus","TAMU_External","workday"
"tbkbank","tpay","workday"
"wabtec","wabtec_careers","workday"
"ameriprise","Ameriprise","workday"
"goto","GoToCareers","workday"
"oregon","SOR_External_Career_Site","workday"
"gapinc","GAPINC","workday"
"viavisolutions","careers","workday"
"softwareag","REC_SAG_ext","workday"
"roswellpark","Ext-RP-Faculty-Executive-Careers","workday"
"chenmed","ChenMedicalCenter","workday"
"myview","Joe-Fresh_careers_carrieres","workday"
"coveainsurance","covea_external","workday"
"graco","Graco_Careers","workday"
"mtrltech","smt-jobs","workday"
"fragomen","FragomenCareers","workday"
"hongrp","PNB","workday"
"memorialhealthcare","MHS_Careers","workday"
"mksinst","MKSCareersEMEA","workday"
"ochsner","Ochsner","workday"
"usbank","US_Bank_Careers","workday"
"nttlimited","NTT_Careers","workday"
"sandvik","coromant-jobs","workday"
"transamerica","AegonAM","workday"
"dell","es","workday"
"nshe","DRI-External","workday"
"abrdn","abrdn","workday"
"bcfs","HHSCareers","workday"
"vst","luminant_careers","workday"
"landolakes","Members","workday"
"myview","loblaw_retail","workday"
"swisslife","Swiss_Life_Asset_Managers_Career_Site","workday"
"advanceauto","es","workday"
"ngic","nationalgeneral","workday"
"acceptance","acceptance","workday"
"imc","invitationAMS","workday"
"acxiomllc","AcxiomUSA","workday"
"salesforce","Mulesoft_Careersite","workday"
"smartcare","Smart_Care","workday"
"connexuscu","ConnexusCareers","workday"
"virtus","VirtusCareers","workday"
"athenahealth","External","workday"
"cboe","External_Career_CBOE","workday"
"ferguson","Ferguson_Experienced","workday"
"francescas","Field_Opportunities","workday"
"greystar","external","workday"
"rakuten","RakutenInsuranceGroup","workday"
"fleetcor","Ext_001","workday"
"harman","HARMAN","workday"
"iress","IRESS_EXTERNAL","workday"
"marshall","Marshall_Group","workday"
"oldmutual","Old_Mutual_Early_Careers","workday"
"arienscompany","External","workday"
"hexcel","HexcelCareers","workday"
"nacoal","NACCO","workday"
"asuep","ASUEP","workday"
"browardcollege","FT","workday"
"cbrands","es","workday"
"nvidia","nvidiaexternalcareersite","workday"
"ghr","lateral-latam","workday"
"tilsontech","Tilson_External_Careers","workday"
"cba","Bankwest_Careers","workday"
"kapsch","onestepahead_NZL","workday"
"cerence","Cerence","workday"
"inalfa","InalfaCareers","workday"
"schenckprocess","Schenck_Process_Careers","workday"
"organon","SearchJobs","workday"
"republic","Republic","workday"
"amplify","Amplify_Careers","workday"
"globalfoundries","External","workday"
"merative","External_Career_Site","workday"
"nshe","UNLV-External","workday"
"werner","Werner","workday"
"hensoldt","External_Career_Site","workday"
"shm","SummitHealthPhysicians","workday"
"smithcollege","smithcollege","workday"
"usfca","USF_Full-Time_Faculty","workday"
"aes","AES_PANAMA","workday"
"crick","External","workday"
"momentive","MC","workday"
"solera","International_Career_Site","workday"
"pfg","SaveonfoodsCareers","workday"
"churchdwight","chdukcareers","workday"
"monumenthealth","APPCareers","workday"
"cnx","external_india","workday"
"zieglercat","zieglercat","workday"
"activision","HOH","workday"
"amat","External","workday"
"fractal","Careers","workday"
"llbean","LLBean_Careers","workday"
"ncr","ext_us","workday"
"nshe","NSHE-external","workday"
"pae","Amentum_Careers","workday"
"selinc","SEL","workday"
"tamus","TAMUSA_External","workday"
"horvath","Horvath_Careers","workday"
"rappi","Rappi_jobs","workday"
"bannerhealth","Careers","workday"
"choc","Careers","workday"
"zillow","Zillow_Group_External","workday"
"noblecorp","noblecorp","workday"
"gapinc","es","workday"
"elringklinger","External","workday"
"hpinc","hpinc","workday"
"ohiohealth","OhioHealthJobs","workday"
"keyera","Keyera_Careers","workday"
"neurocrine","Neurocrinecareers","workday"
"wholefoods","wfmprivateposting","workday"
"expedia","private","workday"
"activision","Solid_State_External_Careers","workday"
"dynata","careers","workday"
"namsa","NAMSA","workday"
"bdx","EXTERNAL_CAREER_SITE_CANADA","workday"
"davita","DKC_External","workday"
"energynorthwest","External","workday"
"muhlenberg","MuhlenbergCareers","workday"
"aliaxis","HamiltonKent","workday"
"bmo","External","workday"
"flutterbe","Group_External","workday"
"kering","es","workday"
"sok","S-ryhman-avoimet-tyopaikat","workday"
"teliacompany","Telia_careers","workday"
"valmet","FieldService","workday"
"aaregional","Search","workday"
"risd","RISD","workday"
"travelers","External","workday"
"vfc","vans_careers","workday"
"danaher","CytivaJobsPP","workday"
"deseretmanagement","DeseretNews","workday"
"wasatchproperty","Summit","workday"
"astro","Astro_Careers","workday"
"barcelo","es","workday"
"harriscomputer","HarrisGovern","workday"
"albemarle","External","workday"
"danaher","PhenomenexJobs","workday"
"ghc","Metis_Careers","workday"
"itoinc","Ensono_India_Agency","workday"
"bison","BisonNon-DrivingCareers","workday"
"jabil","jabil_careers","workday"
"vfc","Dickies_EMEA_Careers","workday"
"jll","es","workday"
"dlg","DLGCAREERS","workday"
"dst","DSTSystems_Careers","workday"
"mufgub","UnionBank-Careers","workday"
"aig","early_careers","workday"
"coffeeandbagelbrands","coffeeandbagelbrands","workday"
"eversource","ExternalSite","workday"
"fedex","FXO_External","workday"
"ferguson","Build","workday"
"heidrick","businesstalentgroup","workday"
"hendricks","Hendricks_External_Career_Site","workday"
"websteronline","WebsterExternalCareerSite","workday"
"diageo","Diageo_Careers","workday"
"haier","Haier_Europe_UKI_Careers","workday"
"sanofi","StudentPrograms","workday"
"sunlife","Experienced","workday"
"ebay","TCGPlayer_External_Career","workday"
"hcmportal","Search","workday"
"mymvw","HVOCareers","workday"
"nacoal","mitigatepro","workday"
"vanguard","contractors_restricted","workday"
"vrtx","vertex_careers","workday"
"collaborative","CollegeGrads","workday"
"moelis","University-Hires","workday"
"simmons","es","workday"
"eiffage","Eiffage_Careers","workday"
"deckers","Deckers","workday"
"transamerica","NLD-AEGON","workday"
"vfc","NorthFace_EMEA_Careers","workday"
"suddath","Suddath","workday"
"nib","careers","workday"
"ksbe","External","workday"
"montclair","JobOpportunities","workday"
"kapsch","onestepahead_Brazil","workday"
"roche","roche-ext","workday"
"allegion","careers_SimonsVoss_English","workday"
"amcn","es","workday"
"furman","Furman_Careers","workday"
"jacksonhealthcare","en","workday"
"kaishaservice","LoyaltyGroupInsuranceServices","workday"
"lmu","careers","workday"
"orthoclinical","Search","workday"
"transportationinsight","TI_NTG_External_Careers","workday"
"acciona","es","workday"
"intrum","External","workday"
"unilever","es","workday"
"onedigital","OneDigital","workday"
"harriscomputer","Cayenta","workday"
"kiongroup","es","workday"
"hbfuller","Careers","workday"
"redbulltechnology","RB_Advanced","workday"
"yakimacounty","YakimaCountyWA","workday"
"calibercollision","Caliber","workday"
"kemper","Kemper_Careers","workday"
"bdx","EXTERNAL_CAREER_SITE_GERMANY","workday"
"salesforce","Tableau","workday"
"trimedx","TMX","workday"
"saintlukes","saintlukeshealthcareers","workday"
"blackrock","BlackRock_Professional","workday"
"factset","FactSetCareers","workday"
"tamus","TAMUC_External","workday"
"clarivate","Clarivate_Careers","workday"
"interac","Interac","workday"
"normet","NormetCareers","workday"
"upm","seasonal_careers","workday"
"atriumhospitality","AtriumHospitality","workday"
"flywheel","Job_Duck_Careers","workday"
"chghealthcare","External","workday"
"ecolab","Ecolab_External","workday"
"gundersenhealth","Gundersen","workday"
"customercontactchannels","C3Careers","workday"
"equinix","External","workday"
"ngc","Northrop_Grumman_External_Site","workday"
"acehardware","Westlake_External","workday"
"capri","Michael_Kors","workday"
"gilead","kitepharmacareers","workday"
"mantech","External","workday"
"mksinst","MKSCareersAmericas","workday"
"mmc","MMC","workday"
"okgov","okgovjobs","workday"
"wfu","Staff_Career_Website_live","workday"
"ceu","en","workday"
"mufgub","MUFG-Careers","workday"
"telenorgroup","TelenorGroup_careers","workday"
"wehi","WEHI","workday"
"tencent","Lightspeed","workday"
"shipt","Shipt_External","workday"
"puma","Jobs_at_Puma","workday"
"tateandlyle","TLCareers","workday"
"vca","BFCareers","workday"
"cubic","cubic_global_careers","workday"
"aig","laya","workday"
"westernunion","WUjobs","workday"
"bdx","EXTERNAL_CAREER_SITE_USA","workday"
"dell","ExternalNonPublic","workday"
"lplfinancial","External","workday"
"theclaremontcolleges","CMC_Faculty","workday"
"uvmhealth","EXTERNAL_UVMHN","workday"
"aia","amplifyhealthexternal","workday"
"enbridge","enbridge_careers","workday"
"kapsch","onestepahead_Netherlands","workday"
"ascenaretail","us_corporate_jobs","workday"
"cbrands","CBI_External_Careers","workday"
"iheartmedia","es","workday"
"leidos","External","workday"
"reitmr","Sonesta","workday"
"micron","External","workday"
"lcbo","LCBOCareerSite","workday"
"myview","pc_financial","workday"
"talentmanagementsolution","JonasConstruction-CustomerServiceSupport-Careers","workday"
"atcllc","atcllc","workday"
"vhr-unither","External","workday"
"danaher","EskoJobs","workday"
"investquebec","ext","workday"
"ryder","RyderCareers","workday"
"caci","External","workday"
"issgovernance","ISScareers","workday"
"pointloma","PLNUCareers","workday"
"stvinc","stv","workday"
"elevancehealth","Legato_IND","workday"
"scribeamerica","scribeamerica","workday"
"mabanaft","Mabanaft","workday"
"cliftonlarsonallen","CLA","workday"
"highmarkhealth","highmark","workday"
"ntrs","northerntrust","workday"
"ochsner","OchsnerPhysician","workday"
"osu","OSUCareers","workday"
"univision","External","workday"
"deliveryhero","hungerstation","workday"
"siemensgamesa","SGRE","workday"
"changehealthcare","Search","workday"
"kumc","kumc-jobs","workday"
"qvc","QRG","workday"
"davidyurman","DavidYurmanCareers","workday"
"enmax","ENMAXCareers","workday"
"huhtamaki","External","workday"
"alcoa","Careers","workday"
"redriver","redrivercareers","workday"
"danaher","DanaherCorporateJobs","workday"
"flextronics","Poland_Careers","workday"
"sbgpeople","OGM","workday"
"gatewaystaff","gwc","workday"
"vfc","Timberland_EMEA_Retail_Careers","workday"
"wsc","TEI","workday"
"athene","Apollo_Careers","workday"
"abcsupply","Personalinvite","workday"
"aristocrat","AristocratExternalCareersSite","workday"
"greystar","EMEA_Career_Site","workday"
"santander","en","workday"
"aes","AES_ANDES","workday"
"baxter","baxter","workday"
"nanostring","NanoStringCareers","workday"
"finning","External","workday"
"vontobel","LinkedIn","workday"
"alliancedata","ComenityBanks","workday"
"mtb","MTB","workday"
"myhrabc","Global","workday"
"shm","Summit_CityMD","workday"
"wlu","WLUCareers","workday"
"willamette","willametteuniversityjobs","workday"
"hastingsdirect","external_careers","workday"
"humancapitalmanagement","Derivco-ROW-Careers","workday"
"pfg","WildlightCareers","workday"
"aafp","AAFP_Careers","workday"
"campbellsoup","ExternalCareers_GlobalSite","workday"
"nacoal","catapult","workday"
"alvarezandmarsal","alvarezandmarsal","workday"
"amfam","AFEnterpriseExternalCareer","workday"
"boseallaboutme","Bose_Careers","workday"
"volarisgroup","WellingtonIT","workday"
"logmein","LogMeInCareers","workday"
"htlf","Premier-Valley-Careers","workday"
"nlcloans","nationslendingcareers","workday"
"villeroyboch","careers","workday"
"albemarle","es","workday"
"advisorgroup","Career_Profile","workday"
"pennant","HorizonHHCareerSite","workday"
"petco","External","workday"
"taylor","External","workday"
"bdc","BDC_Careers","workday"
"abbluecross","careers","workday"
"ing","ICSNLDGEN","workday"
"sanofi","SanofiCareers","workday"
"amerivet","Amerivet","workday"
"cecentertainment","Peter_Piper_Pizza_Careers","workday"
"elara","External","workday"
"lilly","CMP","workday"
"synnex","DLTExternal","workday"
"bso","BSO","workday"
"gobeacon","beaconmobilitycareers","workday"
"sonyglobal","es","workday"
"usaa","USAAJOBSWD","workday"
"willamette","WillametteUniversityJobs","workday"
"aqa","AQA","workday"
"frontiersin","Frontiers","workday"
"roche","ROG-A2O-GENE","workday"
"talentmanagementsolution","ClubMinder-Careers","workday"
"ukgrantt","CareersGrantThornton","workday"
"jabil","Jabil_Careers","workday"
"rocket","rocket_careers","workday"
"flpoly","External-Faculty","workday"
"phcgroup","PHCNA_Careers","workday"
"tigo","tigocareers","workday"
"arcticwolf","External","workday"
"ctca","CancerCenter_Careers","workday"
"flowserve","en","workday"
"jackson","Jackson_Campus","workday"
"nasdaq","US_External_Career_Site","workday"
"trimble","trimblecareers","workday"
"ucf","careers","workday"
"utaustin","UTstaff","workday"
"cba","x15_Careers","workday"
"saabgroup","Combitech_careers","workday"
"cecentertainment","CEC_Careers","workday"
"volarisgroup","FIVExFIVE","workday"
"myworkdaycenter","MNG","workday"
"americanredcross","American_Red_Cross_Careers","workday"
"mattressfirm","OperationsCareers","workday"
"wmt","wmtrecruiting","workday"
"ramboll","Ramboll_Careers","workday"
"spe","Imageworks","workday"
"chaptershealth","jobs","workday"
"vhr-wescom","WescomCareers","workday"
"calix","external","workday"
"fph","FirstBalfour_Careers","workday"
"ccc","ccc_External","workday"
"varian","varianexternal","workday"
"trugreen","USExternalCareers","workday"
"activision","External","workday"
"conagrabrands","Careers_US","workday"
"ghr","lateral-apac","workday"
"maricopa","MC_External","workday"
"mavenir","Mavenir_Careers","workday"
"taskus","Careers","workday"
"umiami","UMFaculty","workday"
"ing","ICSGBLCOR","workday"
"matthey","Ext_Career_Site","workday"
"santander","es","workday"
"slihrms","Careers","workday"
"geha","GEHACareers","workday"
"kyndryl","KyndrylProfessionalCareers","workday"
"crc","CLExternal","workday"
"ourhrconnect","SCBlues","workday"
"lsu","LSUWaiver","workday"
"genesiscare","Genesiscare_Careers","workday"
"boeing","AAEOY","workday"
"ghc","Residential_Careers","workday"
"tysonfoods","TSN1","workday"
"autodesk","uni","workday"
"flextronics","Ukraine_Careers","workday"
"luriechildrens","externalportal","workday"
"psu","PSU_Staff","workday"
"chime","CSM","workday"
"globalblue","External","workday"
"nibcatwork","External","workday"
"humana","Humana_External_Career_Site","workday"
"qvc","QVC-Private","workday"
"rollsroyce","professional","workday"
"wmg","es","workday"
"aspentech","aspentech","workday"
"mechanicsbank","MechanicsBank","workday"
"ivytech","Ivy_Tech_Careers","workday"
"swinerton","Timberlab","workday"
"huntingtonhospital","HuntingtonHospitalCareers","workday"
"alamedacourts","alamedacourts","workday"
"usfoods","usfoodscareersExternal","workday"
"mpc","MPCCareers","workday"
"musc","MUSC","workday"
"wvumedicine","WVUH","workday"
"formulaone","F1","workday"
"hpe","Jobsathpe","workday"
"liveramp","LiveRampCareers","workday"
"toyota","TMNA","workday"
"arrow","es","workday"
"desjardins","EtudiantsetStagiaires","workday"
"21cf","Hotstar","workday"
"cswg","CS_Careers","workday"
"pscu","PSCUCareers","workday"
"mes","Careers","workday"
"reddyice","ReddyIceExternal","workday"
"duckcreek","duckcreekcareers","workday"
"multco","Multco_Jobs","workday"
"suffolkcountyny","Suffolkcounty1","workday"
"trimble","TrimbleCareers","workday"
"zelis","ZelisCareers","workday"
"4flow","4flow","workday"
"freshfields","FBD_101","workday"
"kantar","KANTAR","workday"
"kapsch","onestepahead_Austria","workday"
"qbe","QBE-Careers","workday"
"floridatech","FloridaTechCareers","workday"
"peckham","team-member","workday"
"rhodes","Rhodes_Careers","workday"
"aig","es","workday"
"dinebrands","DineCareers","workday"
"echo","Echo_Logistics","workday"
"methodisthealthsystem","MHS_Careers","workday"
"alleima","kanthal-jobs","workday"
"washpost","washingtonpostcareers","workday"
"dell","RSA","workday"
"ramboll","Early_Careers","workday"
"tiptrailerservices","TIPTrailerServices_Careers","workday"
"blueorigin","BlueOrigin","workday"
"empowerretirement","empowerretirement","workday"
"ttc","Toro_External_Careers","workday"
"sonoco","CorporateCareers","workday"
"successacademies","Success_Academy_Careers","workday"
"daimlertss","MBTI_JOBPORTAL","workday"
"volarisgroup","UniqueBusinessSystems","workday"
"alterra","WinterParkResort","workday"
"carters","CartersCareers","workday"
"justfab","justfabcareers","workday"
"navigators","External","workday"
"pae","PAE_MacfaddenCareers","workday"
"roberthalf","ProtivitiExperiencedCareers","workday"
"statestreet","Global","workday"
"tamus","TDEM_External","workday"
"truist","Careers","workday"
"waystar","Waystar","workday"
"absa","ABSAcareersite","workday"
"cae","career","workday"
"kapsch","onestepahead_Australia","workday"
"ebnhc","EBNHC","workday"
"kobrekim","KobreKim_Analyst_External_Careers","workday"
"exos","EXOSCAREERS","workday"
"viatris","es","workday"
"conagrabrands","Careers_CAN","workday"
"monumenthealth","Goldcareers","workday"
"iegt","GTI_External_Careers_Graduates_NI","workday"
"acuityinternational","External","workday"
"bristolmyerssquibb","BMS","workday"
"memorialhermann","external","workday"
"northwesternmutual","CORPORATE-CAREERS","workday"
"financialombudsman","FinancialOmbudsmanService","workday"
"firstquantum","First_Quantum_Careers","workday"
"shire","External","workday"
"theclaremontcolleges","TCCS_CareersStudents","workday"
"kimberlyclark","NA","workday"
"wycliffe","WUSA_Volunteers","workday"
"fordfoundation","FordFoundationCareerPage","workday"
"gia","GIA","workday"
"publicmedia","WGBH_Careers","workday"
"sonyglobal","SonyGlobalCareers","workday"
"web","ExternalCareerSite","workday"
"aggreko","Aggreko_Careers_1","workday"
"edison","Edison","workday"
"kapsch","onestepahead_Mexico","workday"
"jefferson","External","workday"
"elevancehealth","carelonglobal_ph","workday"
"cancerresearchuk","External_Careers","workday"
"carrier","jobs","workday"
"verabradley","vbcareers","workday"
"vfc","es","workday"
"danaher","HachJobs","workday"
"mastercard","CampusApplyOnly","workday"
"aig","japan","workday"
"paymentsense","Dojo_Careers","workday"
"mwaa","MWAA","workday"
"cpsi","CPSI","workday"
"jcrew","MadewellCareers","workday"
"wmg","WMGGLOBAL","workday"
"aliaxis","Aliaxis","workday"
"sci","SCI","workday"
"uasys","UASYSWaiverExternalCareerSite","workday"
"vfc","timberland_careers","workday"
"alterra","SolitudeMountainResort","workday"
"repsol","es","workday"
"esab","esabcareers","workday"
"johnsonbrothers","es","workday"
"itoinc","EnsonoPOL","workday"
"prologis","Prologis_External_Careers","workday"
"kepcorp","KeppelCareers","workday"
"tableau","External","workday"
"furman","Furman_Student_Careers","workday"
"lgi","LGI_Careers","workday"
"boeing","TECH","workday"
"medela","Medela_Careers","workday"
"boystown","boystowncareers","workday"
"collin","ExternalStaffCareerSite","workday"
"mines","Mines_Careers","workday"
"pwc","Global_Campus_Careers","workday"
"relx","relx","workday"
"citjpl","Jobs","workday"
"envestnet","ENV","workday"
"otis","REC_Ext_Gateway","workday"
"pros","PROS_Careers","workday"
"qualcomm","External","workday"
"heinz","KraftHeinz_Careers_UR","workday"
"semtech","SemtechCareers","workday"
"evoyageurs","jobs","workday"
"gafsgi","BMI","workday"
"nationalindemnity","NICO","workday"
"andersonsinc","TheAndersonsCareers","workday"
"zayo","Zayo_Careers","workday"
"sevencounties","SevenCountiesCareers","workday"
"westernalliancebank","AMH","workday"
"ambgroup","AMB_Group","workday"
"gunvor","Gunvor_Careers","workday"
"lgt","linkonly","workday"
"orix","lument","workday"
"evotecgroup","Cyprotex_Career_Site","workday"
"harrods","Harrods_External1","workday"
"kpluss","Career-KplusS","workday"
"stibosystems","careers-at-stibo-systems","workday"
"abbott","abbottcareers","workday"
"comcast","Comcast_Careers","workday"
"firstnational","fnbocareers","workday"
"hcmportal","es","workday"
"snhu","External_Career_Site","workday"
"flender","Flender_Global","workday"
"rentschler","Rentschler_Career","workday"
"transperfect","transperfect","workday"
"treehouse","TreeHouseCareers","workday"
"intralinks","Intralinks","workday"
"oxford","LillyPulitzer","workday"
"gnw","GenworthLOW","workday"
"bridgestone","External","workday"
"myview","pharmaprix","workday"
"generalmotors","es","workday"
"scj","es","workday"
"nytimes","Editorial","workday"
"lexmark","Lexmark","workday"
"rakuten","RakutenInc","workday"
"trumed","TMC_External_Career_Site","workday"
"hoganlovells","Search","workday"
"nuffieldhealth","NH_Careers","workday"
"stedin","WerkenbijDNWG","workday"
"cityyear","CityYear","workday"
"healthcatalyst","healthcatalystcareers","workday"
"danaher","BeckmanCoulterDiagnosticsJobs","workday"
"bannerhealth","careers","workday"
"meijer","Fresh_Thyme_Stores_External_Career_Site","workday"
"dowjones","News_Corp_Careers","workday"
"valet","Career_Site","workday"
"eppendorf","Eppendorf","workday"
"kering","Kering","workday"
"trivago","broadbean_external","workday"
"dealertire","DealerTireLLC-Careers","workday"
"hksinc","HKSCareers","workday"
"adient","eQuest","workday"
"bdx","EXTERNAL_CAREER_SITE_MALAYSIA","workday"
"bdx","EXTERNAL_CAREER_SITE_SINGAPORE","workday"
"cmegroup","cme_careers","workday"
"ferguson","PED_Careers","workday"
"inmar","inmarcareers","workday"
"ochsner","OchsnerLSUHealthSystemNL","workday"
"altusgroup","AltusGroup","workday"
"ferring","Ferring","workday"
"finning","es","workday"
"freudenberg","freudenberg-group","workday"
"talentmanagementsolution","SalonSoftwareSolutionLtd-Careers","workday"
"cigna","cignacareers","workday"
"my1060wd","Chicago_Cubs_FO","workday"
"ssmh","ssmhealth","workday"
"adient","broadbean_external","workday"
"fastretailing","EU_Theory","workday"
"urban","Urban-Careers","workday"
"lmg","LMG","workday"
"davita","es","workday"
"intapp","Intapp","workday"
"grpr","es","workday"
"deseretmanagement","Boncom","workday"
"hubinternational","hubinternational","workday"
"ambgroup","Ranch_MSGR","workday"
"dechert","DechertCareers","workday"
"agiliti","Management","workday"
"condenast","es","workday"
"brownadvisory","Brown","workday"
"redfcu","RFCU","workday"
"amerch","AMerchCareers","workday"
"broadcom","External_Career","workday"
"kean","Kean","workday"
"wmeimg","ENDEAVOREARLYCAREERS","workday"
"reece","ReeceCareers","workday"
"wts","wts","workday"
"ynap","YNAP_Careers","workday"
"cartech","CTCExternal","workday"
"marywashingtonhealthcare","Externalcareers","workday"
"amfam","Careers","workday"
"cadence","Univ_Careers","workday"
"kimberlyclark","APAC","workday"
"mtminc","MTM_External","workday"
"riteaid","External","workday"
"allegion","Manufacturing_Careers","workday"
"danaher","LeicaMicrosystemsJobs","workday"
"wsc","WTS","workday"
"osv-wc","WoodardCurran","workday"
"cinemark","cinemark","workday"
"servicesourceinc","ServiceSource","workday"
"hakkasangroup","UK_External_Careers","workday"
"mtb","WTExternal","workday"
"thrivent","External","workday"
"myview","Weston_Foods","workday"
